EmployeeID,Name,Age,Gender,Region,EducationLevel,EmploymentStatus,YearsExperience,CurrentJobID,TrainingProgramID,Salary,Department,SkillScore,PerformanceRating,City
1,Employee_1,58,Male,South,Master,Part-Time,9,1001,5001,100102,IT,86,4,Kolkata
2,Employee_2,48,Female,North,High School,Employed,1,1002,5002,99578,Finance,24,1,Kolkata
3,Employee_3,34,Female,North,High School,Unemployed,13,1003,5003,45498,HR,19,3,Mumbai
4,Employee_4,27,Male,North,Diploma,Part-Time,8,1004,5004,96865,Finance,37,4,Kolkata
5,Employee_5,40,Female,North,Master,Part-Time,2,1005,5005,51656,IT,85,1,Kolkata
6,Employee_6,58,Male,South,Diploma,Unemployed,7,1006,5006,87695,Finance,8,1,Chennai
7,Employee_7,38,Female,North,High School,Unemployed,15,1007,5007,57900,Sales,28,4,Mumbai
8,Employee_8,42,Male,South,Diploma,Unemployed,1,1008,5008,104899,Finance,5,3,Delhi
9,Employee_9,30,Male,South,High School,Employed,5,1009,5009,67701,IT,17,1,Chennai
10,Employee_10,30,Male,East,Master,Employed,11,1010,5010,39033,Sales,36,2,Chennai
11,Employee_11,43,Female,West,Bachelor,Part-Time,4,1011,5011,30805,Finance,19,3,Delhi
12,Employee_12,55,Male,West,Master,Unemployed,1,1012,5012,55851,Finance,64,3,Chennai
13,Employee_13,59,Female,South,Diploma,Employed,15,1013,5013,46832,Sales,91,4,Mumbai
14,Employee_14,43,Male,East,Diploma,Unemployed,4,1014,5014,83437,HR,98,4,Kolkata
15,Employee_15,22,Male,South,Master,Part-Time,14,1015,5015,33944,Sales,11,2,Mumbai
16,Employee_16,41,Female,South,Master,Employed,11,1016,5016,39873,HR,54,1,Delhi
17,Employee_17,21,Male,South,High School,Employed,3,1017,5017,60372,IT,45,4,Delhi
18,Employee_18,43,Male,East,Diploma,Employed,14,1018,5018,109464,IT,47,4,Chennai
19,Employee_19,49,Female,West,Diploma,Part-Time,10,1019,5019,35379,Sales,12,3,Mumbai
20,Employee_20,57,Male,East,Master,Unemployed,15,1020,5020,56751,Sales,21,4,Mumbai
21,Employee_21,21,Male,North,Bachelor,Employed,5,1021,5021,109822,IT,11,4,Delhi
22,Employee_22,40,Male,East,Diploma,Part-Time,13,1022,5022,25110,HR,92,4,Mumbai
23,Employee_23,52,Male,East,Bachelor,Unemployed,17,1023,5023,74341,IT,5,4,Delhi
24,Employee_24,31,Female,East,Master,Part-Time,11,1024,5024,32087,Sales,81,3,Mumbai
25,Employee_25,41,Female,East,Master,Unemployed,10,1025,5025,43762,IT,56,2,Mumbai
26,Employee_26,44,Male,West,High School,Part-Time,12,1026,5026,102617,Sales,20,2,Mumbai
27,Employee_27,46,Female,North,Diploma,Unemployed,10,1027,5027,29596,Sales,41,1,Delhi
28,Employee_28,47,Male,West,Bachelor,Employed,15,1028,5028,38313,IT,46,4,Chennai
29,Employee_29,35,Female,West,High School,Unemployed,14,1029,5029,86549,HR,12,3,Mumbai
30,Employee_30,34,Male,East,Diploma,Part-Time,14,1030,5030,43705,Finance,70,1,Delhi
31,Employee_31,22,Male,South,High School,Part-Time,3,1031,5031,87364,IT,17,1,Delhi
32,Employee_32,56,Male,South,Master,Unemployed,10,1032,5032,93445,Finance,19,2,Mumbai
33,Employee_33,26,Male,West,Diploma,Employed,18,1033,5033,98645,IT,26,3,Mumbai
34,Employee_34,40,Male,West,High School,Employed,14,1034,5034,22023,Finance,48,3,Chennai
35,Employee_35,28,Male,East,High School,Unemployed,3,1035,5035,79796,HR,52,3,Delhi
36,Employee_36,58,Female,West,Bachelor,Unemployed,12,1036,5036,100073,HR,96,2,Delhi
37,Employee_37,37,Male,East,High School,Part-Time,18,1037,5037,112197,IT,70,2,Kolkata
38,Employee_38,23,Female,South,Diploma,Employed,1,1038,5038,84429,Sales,55,2,Delhi
39,Employee_39,44,Male,South,Diploma,Unemployed,13,1039,5039,81627,Finance,75,2,Chennai
40,Employee_40,33,Female,North,Bachelor,Employed,3,1040,5040,53848,Sales,33,2,Kolkata
41,Employee_41,28,Female,South,Diploma,Unemployed,15,1041,5041,57804,Sales,62,4,Kolkata
42,Employee_42,45,Female,West,Master,Unemployed,19,1042,5042,35379,Sales,88,4,Kolkata
43,Employee_43,21,Male,South,Diploma,Employed,13,1043,5043,79664,HR,23,3,Mumbai
44,Employee_44,39,Male,East,Diploma,Unemployed,14,1044,5044,47766,IT,15,1,Mumbai
45,Employee_45,47,Female,South,High School,Unemployed,2,1045,5045,88099,IT,27,3,Delhi
46,Employee_46,26,Male,North,High School,Part-Time,7,1046,5046,56060,HR,75,1,Kolkata
47,Employee_47,27,Female,South,Diploma,Unemployed,15,1047,5047,114733,HR,64,2,Chennai
48,Employee_48,54,Male,East,Bachelor,Unemployed,9,1048,5048,89122,IT,81,1,Mumbai
49,Employee_49,33,Female,East,High School,Unemployed,3,1049,5049,36087,Sales,51,3,Chennai
50,Employee_50,36,Female,West,Bachelor,Part-Time,17,1050,5050,68868,Finance,53,3,Chennai
51,Employee_51,55,Male,South,Diploma,Employed,1,1051,5051,43225,Finance,78,1,Mumbai
52,Employee_52,59,Female,East,Diploma,Part-Time,16,1052,5052,115286,Finance,91,4,Mumbai
53,Employee_53,23,Male,North,Master,Part-Time,12,1053,5053,26643,Sales,82,2,Mumbai
54,Employee_54,21,Female,West,High School,Employed,3,1054,5054,113059,IT,92,2,Mumbai
55,Employee_55,25,Female,North,Diploma,Part-Time,10,1055,5055,56727,HR,51,3,Kolkata
56,Employee_56,23,Male,South,Master,Employed,6,1056,5056,31005,IT,47,4,Kolkata
57,Employee_57,48,Male,South,High School,Part-Time,11,1057,5057,85697,Sales,4,1,Kolkata
58,Employee_58,37,Male,South,Diploma,Employed,9,1058,5058,36029,HR,7,2,Kolkata
59,Employee_59,45,Female,West,Diploma,Unemployed,6,1059,5059,34226,Sales,35,4,Delhi
60,Employee_60,53,Male,East,High School,Part-Time,12,1060,5060,83646,Finance,48,2,Kolkata
61,Employee_61,29,Female,West,High School,Part-Time,6,1061,5061,80603,Finance,73,4,Mumbai
62,Employee_62,55,Female,North,High School,Part-Time,16,1062,5062,48731,Sales,72,4,Chennai
63,Employee_63,33,Male,West,Diploma,Part-Time,9,1063,5063,88926,HR,45,3,Kolkata
64,Employee_64,50,Male,North,Diploma,Unemployed,9,1064,5064,25997,HR,81,2,Delhi
65,Employee_65,34,Female,West,Master,Part-Time,3,1065,5065,75506,IT,81,1,Mumbai
66,Employee_66,27,Female,East,Bachelor,Unemployed,19,1066,5066,98229,Finance,97,3,Chennai
67,Employee_67,33,Male,North,High School,Unemployed,3,1067,5067,69815,IT,96,3,Chennai
68,Employee_68,42,Male,South,Diploma,Unemployed,6,1068,5068,62092,IT,72,1,Kolkata
69,Employee_69,59,Male,South,Diploma,Unemployed,0,1069,5069,82539,Sales,19,3,Chennai
70,Employee_70,40,Male,West,High School,Employed,11,1070,5070,86077,Sales,63,4,Kolkata
71,Employee_71,35,Male,South,Bachelor,Employed,12,1071,5071,41817,IT,38,4,Kolkata
72,Employee_72,37,Female,North,High School,Part-Time,9,1072,5072,57861,Finance,67,2,Mumbai
73,Employee_73,43,Female,South,Bachelor,Employed,14,1073,5073,33428,Sales,59,2,Mumbai
74,Employee_74,45,Female,East,Diploma,Employed,12,1074,5074,63934,IT,69,1,Delhi
75,Employee_75,44,Female,East,Bachelor,Part-Time,8,1075,5075,30258,IT,13,2,Mumbai
76,Employee_76,48,Male,West,Master,Part-Time,8,1076,5076,77775,IT,47,4,Mumbai
77,Employee_77,34,Male,North,Diploma,Part-Time,14,1077,5077,101580,IT,61,1,Kolkata
78,Employee_78,20,Male,East,Master,Employed,9,1078,5078,114947,IT,31,1,Mumbai
79,Employee_79,44,Female,East,High School,Employed,9,1079,5079,25469,IT,80,2,Kolkata
80,Employee_80,26,Female,North,High School,Part-Time,7,1080,5080,48854,Sales,96,4,Kolkata
81,Employee_81,28,Male,South,High School,Unemployed,15,1081,5081,26256,Finance,22,1,Mumbai
82,Employee_82,43,Male,South,Bachelor,Part-Time,16,1082,5082,96256,IT,93,4,Delhi
83,Employee_83,20,Female,West,Diploma,Unemployed,4,1083,5083,53937,HR,86,4,Delhi
84,Employee_84,27,Female,South,High School,Unemployed,3,1084,5084,119134,Sales,43,4,Chennai
85,Employee_85,43,Male,North,High School,Part-Time,17,1085,5085,21651,Sales,67,2,Chennai
86,Employee_86,30,Male,East,Diploma,Part-Time,18,1086,5086,70288,IT,54,3,Mumbai
87,Employee_87,36,Female,South,High School,Part-Time,3,1087,5087,104730,Sales,10,3,Delhi
88,Employee_88,27,Male,West,Master,Employed,6,1088,5088,45051,IT,42,1,Kolkata
89,Employee_89,54,Male,South,Diploma,Unemployed,9,1089,5089,47386,Finance,64,4,Chennai
90,Employee_90,54,Male,North,Diploma,Employed,17,1090,5090,95054,Finance,21,2,Kolkata
91,Employee_91,52,Female,West,Diploma,Employed,18,1091,5091,36184,Sales,80,4,Chennai
92,Employee_92,24,Female,South,Master,Part-Time,3,1092,5092,53787,Sales,76,4,Mumbai
93,Employee_93,58,Female,West,Diploma,Employed,9,1093,5093,41621,HR,66,2,Delhi
94,Employee_94,47,Female,North,Master,Part-Time,0,1094,5094,95564,Sales,41,3,Chennai
95,Employee_95,26,Female,East,Diploma,Unemployed,17,1095,5095,97984,HR,24,4,Delhi
96,Employee_96,28,Female,North,Bachelor,Part-Time,4,1096,5096,79792,Finance,35,4,Kolkata
97,Employee_97,27,Female,North,High School,Employed,14,1097,5097,65253,Finance,56,3,Mumbai
98,Employee_98,31,Male,North,Bachelor,Employed,16,1098,5098,54051,IT,30,2,Delhi
99,Employee_99,53,Male,North,High School,Part-Time,2,1099,5099,69811,Finance,57,1,Mumbai
100,Employee_100,52,Male,East,Master,Part-Time,11,1100,5100,50447,HR,94,3,Delhi
101,Employee_101,42,Male,East,Bachelor,Employed,1,1101,5101,103930,Sales,47,1,Kolkata
102,Employee_102,43,Male,West,Diploma,Unemployed,0,1102,5102,50254,IT,35,1,Kolkata
103,Employee_103,56,Male,South,High School,Unemployed,16,1103,5103,104045,HR,19,3,Mumbai
104,Employee_104,54,Male,East,High School,Part-Time,15,1104,5104,77418,Sales,8,4,Kolkata
105,Employee_105,59,Female,East,Bachelor,Unemployed,4,1105,5105,34472,IT,26,1,Chennai
106,Employee_106,41,Female,South,Master,Employed,14,1106,5106,23471,Finance,71,1,Delhi
107,Employee_107,46,Male,East,Bachelor,Part-Time,2,1107,5107,115804,HR,30,2,Kolkata
108,Employee_108,54,Male,North,Master,Employed,6,1108,5108,28329,Sales,7,4,Chennai
109,Employee_109,20,Female,North,Master,Employed,10,1109,5109,54865,IT,67,1,Mumbai
110,Employee_110,54,Male,South,High School,Unemployed,9,1110,5110,66850,IT,65,2,Chennai
111,Employee_111,56,Male,West,Bachelor,Part-Time,8,1111,5111,74220,Finance,36,4,Mumbai
112,Employee_112,33,Female,West,Bachelor,Part-Time,13,1112,5112,113808,Sales,25,3,Mumbai
113,Employee_113,22,Male,South,Master,Unemployed,12,1113,5113,26397,Finance,37,3,Delhi
114,Employee_114,20,Female,South,Bachelor,Employed,1,1114,5114,117909,Finance,1,2,Delhi
115,Employee_115,24,Male,North,Diploma,Employed,2,1115,5115,55525,Sales,15,3,Chennai
116,Employee_116,45,Female,West,Diploma,Employed,6,1116,5116,73072,Sales,37,1,Delhi
117,Employee_117,33,Female,East,Bachelor,Employed,17,1117,5117,110106,Sales,13,4,Delhi
118,Employee_118,58,Female,North,Bachelor,Part-Time,2,1118,5118,103820,HR,8,1,Delhi
119,Employee_119,46,Male,South,Master,Part-Time,9,1119,5119,104530,Sales,5,1,Chennai
120,Employee_120,28,Female,West,Diploma,Unemployed,6,1120,5120,43284,IT,60,3,Kolkata
121,Employee_121,34,Male,East,Diploma,Unemployed,8,1121,5121,81330,Finance,73,1,Delhi
122,Employee_122,34,Male,East,High School,Part-Time,16,1122,5122,103369,HR,1,3,Delhi
123,Employee_123,45,Male,North,Master,Part-Time,10,1123,5123,45122,Sales,36,4,Chennai
124,Employee_124,32,Male,West,High School,Employed,6,1124,5124,90553,HR,35,4,Kolkata
125,Employee_125,51,Female,West,Diploma,Employed,13,1125,5125,101906,Sales,66,1,Delhi
126,Employee_126,58,Female,South,Master,Unemployed,18,1126,5126,114788,HR,63,2,Mumbai
127,Employee_127,51,Male,West,Bachelor,Part-Time,3,1127,5127,82812,Finance,23,3,Chennai
128,Employee_128,23,Male,West,Master,Unemployed,5,1128,5128,27999,Finance,9,3,Delhi
129,Employee_129,49,Female,North,Bachelor,Part-Time,9,1129,5129,42436,IT,34,1,Delhi
130,Employee_130,56,Male,West,Bachelor,Employed,6,1130,5130,62963,IT,46,3,Mumbai
131,Employee_131,42,Female,East,Master,Unemployed,12,1131,5131,22096,Sales,78,3,Mumbai
132,Employee_132,58,Male,North,Bachelor,Unemployed,13,1132,5132,45279,Finance,4,2,Chennai
133,Employee_133,34,Male,North,High School,Part-Time,3,1133,5133,46201,HR,30,2,Chennai
134,Employee_134,48,Female,South,Diploma,Employed,7,1134,5134,39715,HR,95,1,Mumbai
135,Employee_135,55,Male,West,Bachelor,Unemployed,4,1135,5135,49309,HR,75,2,Chennai
136,Employee_136,32,Female,South,High School,Employed,0,1136,5136,35078,IT,99,1,Mumbai
137,Employee_137,51,Male,East,Bachelor,Unemployed,3,1137,5137,76614,HR,72,4,Delhi
138,Employee_138,26,Male,North,Diploma,Employed,2,1138,5138,25105,IT,3,1,Mumbai
139,Employee_139,41,Male,North,High School,Part-Time,8,1139,5139,114848,IT,14,4,Mumbai
140,Employee_140,47,Female,North,Diploma,Unemployed,7,1140,5140,22839,Sales,60,1,Kolkata
141,Employee_141,21,Male,East,Diploma,Unemployed,0,1141,5141,88920,HR,77,3,Mumbai
142,Employee_142,25,Male,East,High School,Employed,5,1142,5142,63619,HR,45,2,Mumbai
143,Employee_143,47,Male,South,High School,Employed,8,1143,5143,62821,Finance,96,4,Kolkata
144,Employee_144,47,Male,South,High School,Unemployed,6,1144,5144,33493,Sales,34,1,Chennai
145,Employee_145,39,Female,South,Master,Part-Time,3,1145,5145,37069,Finance,45,2,Kolkata
146,Employee_146,49,Female,West,High School,Employed,12,1146,5146,27531,Sales,61,1,Delhi
147,Employee_147,30,Male,North,High School,Employed,16,1147,5147,57051,HR,83,2,Kolkata
148,Employee_148,47,Female,North,High School,Employed,1,1148,5148,27736,IT,16,2,Delhi
149,Employee_149,44,Male,South,High School,Unemployed,4,1149,5149,27710,IT,66,1,Chennai
150,Employee_150,58,Male,North,Bachelor,Unemployed,11,1150,5150,87155,IT,40,4,Kolkata
151,Employee_151,52,Male,South,Master,Unemployed,7,1151,5151,33975,IT,17,4,Kolkata
152,Employee_152,20,Female,West,Diploma,Unemployed,5,1152,5152,82424,IT,34,3,Chennai
153,Employee_153,46,Female,West,High School,Part-Time,7,1153,5153,65603,Finance,16,2,Delhi
154,Employee_154,32,Female,East,Bachelor,Part-Time,17,1154,5154,43252,Sales,60,3,Kolkata
155,Employee_155,22,Female,West,Bachelor,Unemployed,2,1155,5155,100797,HR,66,3,Delhi
156,Employee_156,58,Female,South,Bachelor,Part-Time,11,1156,5156,21431,Finance,66,1,Kolkata
157,Employee_157,25,Female,West,Diploma,Employed,2,1157,5157,94603,Sales,90,1,Mumbai
158,Employee_158,27,Female,East,High School,Employed,5,1158,5158,57481,IT,13,1,Kolkata
159,Employee_159,46,Female,North,Master,Employed,1,1159,5159,112573,Sales,56,2,Chennai
160,Employee_160,28,Female,South,Master,Unemployed,11,1160,5160,29557,Sales,31,1,Chennai
161,Employee_161,56,Male,North,Bachelor,Employed,1,1161,5161,94971,IT,34,1,Delhi
162,Employee_162,52,Female,East,Diploma,Part-Time,5,1162,5162,20162,IT,39,2,Kolkata
163,Employee_163,43,Female,East,Diploma,Unemployed,16,1163,5163,54742,IT,67,2,Delhi
164,Employee_164,34,Female,East,Diploma,Part-Time,2,1164,5164,39675,HR,8,4,Delhi
165,Employee_165,51,Female,North,Master,Employed,1,1165,5165,93997,IT,87,1,Mumbai
166,Employee_166,51,Female,North,Bachelor,Employed,19,1166,5166,37015,HR,78,1,Mumbai
167,Employee_167,43,Female,North,High School,Employed,7,1167,5167,70057,IT,55,1,Chennai
168,Employee_168,31,Female,North,Master,Unemployed,11,1168,5168,52591,HR,27,4,Delhi
169,Employee_169,58,Female,East,Bachelor,Part-Time,3,1169,5169,113583,Sales,93,1,Chennai
170,Employee_170,21,Female,East,Bachelor,Unemployed,4,1170,5170,29833,Finance,53,4,Kolkata
171,Employee_171,22,Female,South,High School,Unemployed,12,1171,5171,27896,Sales,39,3,Delhi
172,Employee_172,56,Female,South,High School,Employed,14,1172,5172,52972,Sales,65,4,Delhi
173,Employee_173,36,Male,North,High School,Unemployed,15,1173,5173,69733,IT,17,3,Kolkata
174,Employee_174,21,Male,West,Diploma,Unemployed,9,1174,5174,61800,HR,30,1,Kolkata
175,Employee_175,21,Female,West,High School,Employed,15,1175,5175,116044,Finance,53,3,Chennai
176,Employee_176,47,Female,East,Bachelor,Unemployed,11,1176,5176,25347,IT,13,4,Chennai
177,Employee_177,42,Male,East,High School,Employed,16,1177,5177,79063,IT,21,2,Kolkata
178,Employee_178,56,Female,East,Bachelor,Employed,15,1178,5178,115850,IT,19,3,Chennai
179,Employee_179,51,Male,South,Master,Employed,11,1179,5179,22643,Sales,53,3,Kolkata
180,Employee_180,52,Male,South,Diploma,Employed,7,1180,5180,60785,HR,19,1,Delhi
181,Employee_181,20,Male,East,Master,Unemployed,19,1181,5181,38681,HR,57,4,Delhi
182,Employee_182,38,Male,East,Master,Employed,2,1182,5182,70026,Finance,25,3,Mumbai
183,Employee_183,21,Male,East,Bachelor,Employed,15,1183,5183,35892,HR,86,3,Delhi
184,Employee_184,45,Female,West,Master,Unemployed,12,1184,5184,67299,HR,31,3,Kolkata
185,Employee_185,51,Male,South,Bachelor,Unemployed,18,1185,5185,37073,IT,81,3,Chennai
186,Employee_186,25,Female,West,High School,Part-Time,7,1186,5186,50682,IT,55,2,Mumbai
187,Employee_187,51,Female,West,High School,Unemployed,4,1187,5187,117798,Sales,23,4,Chennai
188,Employee_188,23,Male,East,Bachelor,Unemployed,19,1188,5188,116894,IT,32,1,Kolkata
189,Employee_189,30,Male,East,High School,Part-Time,7,1189,5189,34289,IT,62,1,Delhi
190,Employee_190,36,Female,North,Diploma,Unemployed,11,1190,5190,27927,IT,74,2,Mumbai
191,Employee_191,57,Male,North,Master,Unemployed,0,1191,5191,68330,IT,10,4,Kolkata
192,Employee_192,43,Male,West,Diploma,Unemployed,19,1192,5192,86707,Sales,72,3,Mumbai
193,Employee_193,24,Female,South,Master,Unemployed,5,1193,5193,97454,IT,54,2,Mumbai
194,Employee_194,53,Female,East,High School,Part-Time,17,1194,5194,85428,Finance,52,4,Delhi
195,Employee_195,25,Male,East,Diploma,Unemployed,7,1195,5195,70601,Finance,20,3,Kolkata
196,Employee_196,41,Female,West,High School,Unemployed,6,1196,5196,97465,Finance,32,2,Chennai
197,Employee_197,30,Male,North,Master,Part-Time,0,1197,5197,22539,Finance,14,4,Mumbai
198,Employee_198,35,Male,South,Bachelor,Employed,15,1198,5198,42669,IT,50,1,Mumbai
199,Employee_199,52,Male,North,Bachelor,Part-Time,11,1199,5199,90968,Finance,28,1,Chennai
200,Employee_200,28,Female,North,Diploma,Employed,5,1200,5200,40644,IT,53,4,Kolkata
201,Employee_201,25,Female,North,High School,Part-Time,19,1201,5201,38745,Sales,24,1,Mumbai
202,Employee_202,35,Female,North,High School,Part-Time,1,1202,5202,48228,Finance,79,4,Mumbai
203,Employee_203,48,Female,East,Diploma,Unemployed,13,1203,5203,54521,HR,22,3,Mumbai
204,Employee_204,22,Female,East,Bachelor,Employed,3,1204,5204,117239,Finance,30,4,Kolkata
205,Employee_205,39,Male,North,Master,Unemployed,0,1205,5205,46928,Finance,63,3,Kolkata
206,Employee_206,55,Male,South,Diploma,Employed,17,1206,5206,38322,IT,4,2,Chennai
207,Employee_207,38,Male,West,Master,Part-Time,12,1207,5207,77714,Finance,77,4,Kolkata
208,Employee_208,45,Male,South,Bachelor,Part-Time,1,1208,5208,107896,HR,59,2,Kolkata
209,Employee_209,22,Female,South,High School,Employed,8,1209,5209,82292,IT,87,1,Delhi
210,Employee_210,38,Male,South,Bachelor,Unemployed,1,1210,5210,49055,IT,8,3,Chennai
211,Employee_211,39,Female,North,Diploma,Unemployed,8,1211,5211,62891,Sales,82,4,Mumbai
212,Employee_212,51,Male,East,High School,Unemployed,0,1212,5212,101912,Sales,12,2,Kolkata
213,Employee_213,26,Female,South,Diploma,Unemployed,10,1213,5213,26588,Finance,31,3,Mumbai
214,Employee_214,52,Female,North,Diploma,Part-Time,2,1214,5214,110536,Sales,78,3,Mumbai
215,Employee_215,59,Male,South,Bachelor,Part-Time,19,1215,5215,26304,Sales,34,1,Delhi
216,Employee_216,58,Male,South,Diploma,Part-Time,3,1216,5216,27345,Sales,82,1,Kolkata
217,Employee_217,37,Male,North,Bachelor,Part-Time,17,1217,5217,49300,IT,98,3,Chennai
218,Employee_218,59,Male,East,High School,Part-Time,5,1218,5218,44259,IT,75,3,Kolkata
219,Employee_219,20,Female,East,Bachelor,Unemployed,2,1219,5219,111006,IT,76,4,Mumbai
220,Employee_220,30,Male,West,High School,Unemployed,10,1220,5220,108553,Sales,49,3,Chennai
221,Employee_221,47,Male,North,Bachelor,Unemployed,14,1221,5221,35352,IT,79,4,Kolkata
222,Employee_222,44,Female,West,Master,Unemployed,4,1222,5222,53365,Sales,57,3,Mumbai
223,Employee_223,42,Male,West,Master,Part-Time,19,1223,5223,39446,IT,95,1,Mumbai
224,Employee_224,50,Male,West,Diploma,Part-Time,9,1224,5224,22336,IT,93,4,Delhi
225,Employee_225,49,Male,East,Bachelor,Part-Time,11,1225,5225,82032,HR,26,2,Delhi
226,Employee_226,54,Male,North,Bachelor,Employed,14,1226,5226,95415,Finance,18,1,Delhi
227,Employee_227,26,Male,West,High School,Unemployed,16,1227,5227,117852,Sales,96,4,Mumbai
228,Employee_228,35,Female,North,Diploma,Unemployed,9,1228,5228,118876,HR,86,4,Kolkata
229,Employee_229,45,Male,North,Bachelor,Part-Time,5,1229,5229,27521,IT,38,2,Delhi
230,Employee_230,21,Male,East,Diploma,Unemployed,17,1230,5230,91707,Sales,81,4,Kolkata
231,Employee_231,20,Male,West,Master,Unemployed,12,1231,5231,43481,IT,87,3,Delhi
232,Employee_232,31,Male,West,Bachelor,Part-Time,2,1232,5232,38474,Finance,88,2,Chennai
233,Employee_233,24,Male,North,Bachelor,Employed,9,1233,5233,66760,HR,50,1,Chennai
234,Employee_234,56,Female,South,Diploma,Employed,13,1234,5234,75718,Finance,8,1,Delhi
235,Employee_235,51,Male,East,Bachelor,Employed,5,1235,5235,64629,HR,41,3,Mumbai
236,Employee_236,28,Female,East,Diploma,Part-Time,2,1236,5236,65232,IT,6,1,Delhi
237,Employee_237,54,Female,East,Bachelor,Unemployed,15,1237,5237,106544,Finance,69,4,Delhi
238,Employee_238,38,Male,East,High School,Part-Time,6,1238,5238,87169,Finance,44,4,Mumbai
239,Employee_239,35,Male,West,Diploma,Part-Time,19,1239,5239,70669,IT,64,3,Chennai
240,Employee_240,22,Male,West,Bachelor,Unemployed,13,1240,5240,98021,Finance,29,1,Kolkata
241,Employee_241,39,Male,South,Master,Employed,8,1241,5241,89184,Sales,28,1,Delhi
242,Employee_242,43,Female,East,Bachelor,Employed,14,1242,5242,67945,HR,11,3,Mumbai
243,Employee_243,52,Male,East,Master,Part-Time,2,1243,5243,33140,HR,65,2,Delhi
244,Employee_244,43,Male,North,Master,Employed,1,1244,5244,103457,HR,19,1,Mumbai
245,Employee_245,30,Male,West,High School,Part-Time,1,1245,5245,34357,Sales,9,2,Kolkata
246,Employee_246,27,Male,East,Diploma,Part-Time,2,1246,5246,88673,HR,27,1,Kolkata
247,Employee_247,55,Male,South,Bachelor,Unemployed,17,1247,5247,85633,IT,34,1,Chennai
248,Employee_248,57,Male,South,High School,Unemployed,13,1248,5248,96943,Finance,44,1,Mumbai
249,Employee_249,59,Female,West,Bachelor,Unemployed,19,1249,5249,116111,Sales,68,1,Mumbai
250,Employee_250,39,Female,South,Master,Part-Time,17,1250,5250,98258,HR,82,4,Chennai
251,Employee_251,54,Male,South,Diploma,Unemployed,9,1251,5251,32924,IT,15,2,Chennai
252,Employee_252,44,Male,West,Bachelor,Employed,1,1252,5252,89286,Finance,51,2,Mumbai
253,Employee_253,54,Male,East,Bachelor,Employed,0,1253,5253,113269,Finance,13,1,Chennai
254,Employee_254,44,Female,East,Master,Part-Time,3,1254,5254,94071,Sales,83,1,Kolkata
255,Employee_255,48,Male,South,Bachelor,Part-Time,13,1255,5255,77326,Sales,49,2,Delhi
256,Employee_256,37,Female,South,Bachelor,Unemployed,0,1256,5256,110023,Sales,70,4,Kolkata
257,Employee_257,37,Male,East,Master,Part-Time,13,1257,5257,50651,IT,56,3,Chennai
258,Employee_258,21,Male,West,High School,Part-Time,15,1258,5258,90202,IT,76,3,Mumbai
259,Employee_259,54,Male,South,Master,Employed,13,1259,5259,68777,Sales,51,2,Mumbai
260,Employee_260,35,Male,North,High School,Employed,19,1260,5260,36994,HR,37,1,Kolkata
261,Employee_261,55,Female,West,Diploma,Unemployed,2,1261,5261,87263,Finance,17,1,Mumbai
262,Employee_262,52,Female,South,High School,Part-Time,2,1262,5262,79634,Finance,58,4,Chennai
263,Employee_263,23,Male,South,High School,Part-Time,8,1263,5263,30800,IT,87,3,Kolkata
264,Employee_264,52,Male,North,Diploma,Employed,5,1264,5264,57823,Finance,90,4,Mumbai
265,Employee_265,33,Female,North,High School,Part-Time,12,1265,5265,83878,HR,29,3,Delhi
266,Employee_266,40,Female,East,Master,Employed,1,1266,5266,38708,Finance,33,2,Delhi
267,Employee_267,39,Female,West,High School,Unemployed,7,1267,5267,32819,IT,60,3,Chennai
268,Employee_268,27,Female,West,Diploma,Employed,1,1268,5268,94905,IT,91,4,Mumbai
269,Employee_269,26,Male,East,Master,Part-Time,3,1269,5269,83870,HR,89,4,Chennai
270,Employee_270,22,Female,West,Diploma,Unemployed,14,1270,5270,29283,HR,55,4,Kolkata
271,Employee_271,36,Male,West,Diploma,Employed,3,1271,5271,50573,Finance,10,2,Delhi
272,Employee_272,52,Female,West,Bachelor,Employed,12,1272,5272,98707,Finance,47,3,Kolkata
273,Employee_273,31,Female,West,Bachelor,Unemployed,11,1273,5273,50933,IT,23,3,Mumbai
274,Employee_274,41,Female,West,Diploma,Unemployed,12,1274,5274,25774,HR,85,4,Chennai
275,Employee_275,41,Female,North,Diploma,Employed,13,1275,5275,92055,HR,21,3,Chennai
276,Employee_276,49,Female,West,Diploma,Part-Time,19,1276,5276,30983,HR,13,1,Chennai
277,Employee_277,57,Male,North,Bachelor,Employed,17,1277,5277,116468,Finance,33,1,Kolkata
278,Employee_278,57,Male,West,Bachelor,Unemployed,5,1278,5278,116334,HR,24,1,Delhi
279,Employee_279,27,Female,East,High School,Employed,10,1279,5279,38133,IT,11,3,Kolkata
280,Employee_280,46,Female,South,High School,Unemployed,1,1280,5280,34939,IT,17,2,Kolkata
281,Employee_281,46,Male,North,Diploma,Unemployed,18,1281,5281,20781,Finance,68,2,Mumbai
282,Employee_282,53,Female,West,Master,Part-Time,18,1282,5282,76700,Sales,47,2,Mumbai
283,Employee_283,40,Female,East,Master,Unemployed,4,1283,5283,47624,Finance,25,2,Mumbai
284,Employee_284,49,Male,South,Bachelor,Unemployed,18,1284,5284,26823,Sales,94,1,Delhi
285,Employee_285,52,Female,North,Bachelor,Part-Time,1,1285,5285,38489,HR,73,1,Delhi
286,Employee_286,47,Female,South,Bachelor,Unemployed,9,1286,5286,59961,Finance,21,4,Mumbai
287,Employee_287,52,Male,East,Diploma,Part-Time,1,1287,5287,49118,IT,84,3,Mumbai
288,Employee_288,24,Male,North,Master,Part-Time,10,1288,5288,101816,HR,83,3,Delhi
289,Employee_289,38,Male,South,High School,Unemployed,17,1289,5289,42263,IT,83,2,Chennai
290,Employee_290,23,Female,West,Diploma,Unemployed,14,1290,5290,33565,HR,12,1,Delhi
291,Employee_291,54,Male,North,High School,Employed,8,1291,5291,40354,Finance,37,2,Delhi
292,Employee_292,36,Male,South,High School,Part-Time,18,1292,5292,62951,Sales,42,4,Delhi
293,Employee_293,47,Male,East,Diploma,Employed,8,1293,5293,111179,HR,17,3,Mumbai
294,Employee_294,49,Male,East,High School,Unemployed,2,1294,5294,43648,Sales,48,3,Chennai
295,Employee_295,48,Male,North,Master,Employed,8,1295,5295,70729,HR,28,2,Delhi
296,Employee_296,25,Male,South,High School,Part-Time,13,1296,5296,61971,IT,41,4,Mumbai
297,Employee_297,54,Female,North,Master,Employed,18,1297,5297,38658,IT,99,3,Kolkata
298,Employee_298,56,Female,North,Master,Part-Time,6,1298,5298,41253,HR,47,4,Kolkata
299,Employee_299,43,Male,South,Master,Unemployed,15,1299,5299,84166,Sales,18,4,Delhi
300,Employee_300,48,Male,South,Bachelor,Unemployed,15,1300,5300,68563,Finance,78,2,Kolkata
301,Employee_301,50,Male,West,High School,Part-Time,0,1301,5301,46390,Finance,99,1,Chennai
302,Employee_302,54,Female,South,Diploma,Unemployed,3,1302,5302,108664,IT,71,2,Kolkata
303,Employee_303,52,Female,East,Diploma,Unemployed,3,1303,5303,71578,Finance,13,1,Kolkata
304,Employee_304,40,Female,North,High School,Unemployed,6,1304,5304,99025,IT,82,4,Chennai
305,Employee_305,51,Female,North,Bachelor,Unemployed,7,1305,5305,52658,Finance,13,1,Delhi
306,Employee_306,42,Female,East,Bachelor,Part-Time,16,1306,5306,26852,HR,31,4,Delhi
307,Employee_307,52,Female,South,Master,Employed,4,1307,5307,114986,IT,2,3,Chennai
308,Employee_308,22,Female,East,High School,Employed,6,1308,5308,22551,IT,16,3,Chennai
309,Employee_309,37,Female,East,High School,Unemployed,19,1309,5309,91947,HR,9,3,Chennai
310,Employee_310,44,Female,West,Diploma,Employed,19,1310,5310,81001,IT,73,2,Kolkata
311,Employee_311,50,Male,East,High School,Employed,3,1311,5311,69159,Finance,38,2,Chennai
312,Employee_312,22,Male,North,Bachelor,Unemployed,5,1312,5312,71707,Finance,75,4,Mumbai
313,Employee_313,59,Male,East,High School,Unemployed,6,1313,5313,53243,IT,54,3,Kolkata
314,Employee_314,43,Male,North,Diploma,Employed,17,1314,5314,41800,Finance,56,2,Delhi
315,Employee_315,51,Female,North,Master,Part-Time,4,1315,5315,95939,Sales,86,3,Delhi
316,Employee_316,41,Female,North,Diploma,Unemployed,19,1316,5316,77828,IT,97,2,Delhi
317,Employee_317,42,Male,South,Diploma,Part-Time,2,1317,5317,27239,HR,87,1,Kolkata
318,Employee_318,21,Female,West,Master,Employed,6,1318,5318,26710,Sales,45,1,Mumbai
319,Employee_319,46,Male,North,Diploma,Unemployed,13,1319,5319,41384,IT,34,3,Chennai
320,Employee_320,21,Female,North,Diploma,Part-Time,6,1320,5320,41038,HR,9,4,Chennai
321,Employee_321,45,Male,South,High School,Unemployed,4,1321,5321,60846,Finance,88,2,Delhi
322,Employee_322,36,Female,North,High School,Employed,4,1322,5322,107983,HR,8,2,Delhi
323,Employee_323,59,Female,East,Master,Part-Time,1,1323,5323,87821,Sales,7,1,Kolkata
324,Employee_324,52,Male,East,High School,Employed,5,1324,5324,57991,Finance,36,1,Mumbai
325,Employee_325,28,Female,West,High School,Employed,14,1325,5325,99057,IT,18,4,Chennai
326,Employee_326,58,Male,North,Diploma,Unemployed,9,1326,5326,26971,Finance,3,4,Kolkata
327,Employee_327,48,Male,South,Bachelor,Part-Time,6,1327,5327,49139,IT,28,4,Chennai
328,Employee_328,45,Male,East,High School,Employed,4,1328,5328,105445,IT,70,3,Delhi
329,Employee_329,54,Male,South,Bachelor,Employed,0,1329,5329,97067,HR,44,1,Chennai
330,Employee_330,44,Female,South,High School,Part-Time,12,1330,5330,100257,HR,21,3,Mumbai
331,Employee_331,43,Female,East,High School,Employed,17,1331,5331,104742,HR,28,1,Mumbai
332,Employee_332,32,Female,South,Master,Employed,12,1332,5332,57711,Sales,54,1,Delhi
333,Employee_333,26,Male,East,Master,Part-Time,17,1333,5333,26530,Sales,54,2,Mumbai
334,Employee_334,55,Female,South,Master,Part-Time,4,1334,5334,31116,HR,65,1,Mumbai
335,Employee_335,39,Male,East,Bachelor,Part-Time,12,1335,5335,85794,Sales,21,1,Kolkata
336,Employee_336,20,Female,North,Diploma,Part-Time,3,1336,5336,20282,Finance,99,3,Chennai
337,Employee_337,27,Female,West,High School,Unemployed,16,1337,5337,99473,Finance,13,1,Delhi
338,Employee_338,35,Female,East,High School,Part-Time,2,1338,5338,21898,Sales,57,3,Delhi
339,Employee_339,33,Male,East,High School,Unemployed,16,1339,5339,24135,Sales,49,4,Delhi
340,Employee_340,31,Female,West,Bachelor,Unemployed,10,1340,5340,26629,Finance,54,1,Delhi
341,Employee_341,42,Female,East,Master,Unemployed,19,1341,5341,105120,IT,10,1,Delhi
342,Employee_342,34,Male,East,Diploma,Employed,3,1342,5342,109087,Finance,53,3,Mumbai
343,Employee_343,47,Female,South,Bachelor,Unemployed,1,1343,5343,85031,Finance,44,4,Kolkata
344,Employee_344,53,Male,West,Master,Unemployed,19,1344,5344,53380,Sales,47,2,Delhi
345,Employee_345,21,Female,North,Bachelor,Employed,15,1345,5345,37071,Finance,53,4,Kolkata
346,Employee_346,51,Male,East,Diploma,Employed,17,1346,5346,40074,Sales,74,3,Kolkata
347,Employee_347,42,Male,West,Master,Employed,7,1347,5347,110724,Sales,46,4,Mumbai
348,Employee_348,41,Female,South,Bachelor,Part-Time,2,1348,5348,87843,HR,13,3,Delhi
349,Employee_349,44,Male,North,Diploma,Employed,8,1349,5349,59901,Finance,37,3,Mumbai
350,Employee_350,41,Male,West,High School,Employed,19,1350,5350,31205,IT,24,2,Delhi
351,Employee_351,41,Male,North,Diploma,Unemployed,5,1351,5351,75661,HR,2,1,Mumbai
352,Employee_352,25,Male,North,High School,Employed,9,1352,5352,25906,Sales,86,3,Kolkata
353,Employee_353,34,Male,North,Bachelor,Part-Time,9,1353,5353,22591,Sales,81,3,Delhi
354,Employee_354,56,Male,East,Master,Employed,12,1354,5354,82987,IT,14,2,Chennai
355,Employee_355,52,Female,East,Master,Part-Time,16,1355,5355,83370,Sales,10,3,Kolkata
356,Employee_356,27,Male,South,Bachelor,Employed,8,1356,5356,100685,Finance,35,1,Chennai
357,Employee_357,24,Male,South,Master,Employed,16,1357,5357,74400,HR,25,2,Kolkata
358,Employee_358,58,Female,West,Master,Employed,8,1358,5358,45150,Sales,3,1,Mumbai
359,Employee_359,23,Female,South,High School,Employed,8,1359,5359,51852,Sales,17,1,Delhi
360,Employee_360,25,Female,North,Bachelor,Part-Time,0,1360,5360,62870,IT,12,2,Kolkata
361,Employee_361,51,Female,North,Diploma,Part-Time,1,1361,5361,72756,Finance,54,3,Mumbai
362,Employee_362,49,Female,East,High School,Unemployed,15,1362,5362,76481,Sales,24,1,Delhi
363,Employee_363,54,Female,North,Bachelor,Part-Time,0,1363,5363,21283,IT,29,1,Delhi
364,Employee_364,59,Female,West,High School,Employed,9,1364,5364,53691,Sales,43,1,Kolkata
365,Employee_365,35,Male,North,Diploma,Unemployed,17,1365,5365,21125,IT,25,1,Delhi
366,Employee_366,32,Male,North,Diploma,Unemployed,7,1366,5366,87065,IT,60,2,Kolkata
367,Employee_367,49,Female,West,Bachelor,Unemployed,10,1367,5367,46170,Finance,90,2,Delhi
368,Employee_368,38,Male,South,Diploma,Employed,1,1368,5368,28438,Sales,65,4,Chennai
369,Employee_369,36,Male,South,High School,Part-Time,7,1369,5369,40095,Finance,84,4,Mumbai
370,Employee_370,38,Male,West,Diploma,Employed,7,1370,5370,36154,IT,28,1,Chennai
371,Employee_371,47,Female,East,High School,Unemployed,16,1371,5371,28004,HR,16,3,Kolkata
372,Employee_372,45,Female,North,High School,Employed,14,1372,5372,29752,Sales,47,1,Chennai
373,Employee_373,56,Male,West,Diploma,Employed,16,1373,5373,75426,HR,81,3,Kolkata
374,Employee_374,45,Female,North,Bachelor,Part-Time,12,1374,5374,46819,Sales,92,1,Delhi
375,Employee_375,42,Male,East,Master,Part-Time,18,1375,5375,112051,Finance,58,4,Delhi
376,Employee_376,28,Male,North,Diploma,Unemployed,4,1376,5376,44217,Finance,76,4,Kolkata
377,Employee_377,31,Male,West,High School,Employed,11,1377,5377,108708,Finance,27,3,Chennai
378,Employee_378,20,Male,North,High School,Employed,0,1378,5378,52994,Finance,53,1,Delhi
379,Employee_379,20,Female,South,Diploma,Part-Time,4,1379,5379,35036,Finance,42,3,Mumbai
380,Employee_380,53,Female,East,Bachelor,Employed,7,1380,5380,97275,HR,59,4,Delhi
381,Employee_381,51,Female,East,Bachelor,Employed,12,1381,5381,117756,Finance,47,1,Mumbai
382,Employee_382,44,Male,East,High School,Employed,7,1382,5382,69416,IT,94,1,Chennai
383,Employee_383,59,Female,West,High School,Part-Time,10,1383,5383,29587,IT,34,3,Mumbai
384,Employee_384,20,Male,East,Bachelor,Unemployed,0,1384,5384,115665,HR,37,2,Mumbai
385,Employee_385,35,Female,South,Master,Unemployed,12,1385,5385,20645,Sales,6,3,Mumbai
386,Employee_386,58,Male,West,Diploma,Employed,18,1386,5386,50930,IT,7,4,Mumbai
387,Employee_387,24,Male,South,High School,Unemployed,2,1387,5387,101835,Sales,96,4,Delhi
388,Employee_388,41,Male,North,High School,Part-Time,16,1388,5388,50090,HR,96,4,Mumbai
389,Employee_389,48,Female,North,Bachelor,Part-Time,4,1389,5389,107489,Sales,25,4,Delhi
390,Employee_390,22,Female,North,Diploma,Unemployed,19,1390,5390,72142,Sales,33,4,Mumbai
391,Employee_391,31,Female,North,Bachelor,Unemployed,7,1391,5391,46475,Sales,55,2,Kolkata
392,Employee_392,45,Female,South,Diploma,Employed,13,1392,5392,38888,Sales,58,1,Chennai
393,Employee_393,35,Male,West,Diploma,Unemployed,3,1393,5393,63732,HR,7,3,Mumbai
394,Employee_394,56,Female,West,Diploma,Employed,10,1394,5394,101623,IT,57,3,Kolkata
395,Employee_395,41,Female,East,High School,Employed,19,1395,5395,66305,Finance,12,4,Mumbai
396,Employee_396,48,Male,South,Master,Part-Time,14,1396,5396,66037,Sales,16,3,Mumbai
397,Employee_397,33,Male,North,Bachelor,Part-Time,18,1397,5397,29346,IT,80,4,Mumbai
398,Employee_398,47,Male,South,Master,Part-Time,6,1398,5398,20587,IT,43,2,Kolkata
399,Employee_399,24,Female,East,Bachelor,Part-Time,18,1399,5399,32763,HR,77,2,Chennai
400,Employee_400,49,Male,East,Diploma,Unemployed,18,1400,5400,79165,IT,7,1,Kolkata
401,Employee_401,24,Male,South,High School,Part-Time,10,1401,5401,89615,HR,51,2,Chennai
402,Employee_402,31,Male,South,Master,Unemployed,4,1402,5402,56116,Sales,73,2,Mumbai
403,Employee_403,35,Female,South,High School,Part-Time,4,1403,5403,105751,Sales,32,1,Delhi
404,Employee_404,45,Male,West,Bachelor,Unemployed,7,1404,5404,111353,Finance,75,3,Mumbai
405,Employee_405,45,Female,North,High School,Employed,9,1405,5405,110301,Finance,8,4,Chennai
406,Employee_406,40,Female,South,High School,Unemployed,5,1406,5406,115648,Finance,97,4,Kolkata
407,Employee_407,58,Male,South,Master,Unemployed,14,1407,5407,45556,IT,87,3,Mumbai
408,Employee_408,55,Male,South,Diploma,Part-Time,15,1408,5408,79042,Sales,89,1,Kolkata
409,Employee_409,52,Female,East,High School,Unemployed,16,1409,5409,38099,HR,72,3,Kolkata
410,Employee_410,49,Male,East,Diploma,Employed,7,1410,5410,65096,Finance,45,2,Kolkata
411,Employee_411,56,Male,West,Bachelor,Employed,7,1411,5411,91986,HR,86,1,Mumbai
412,Employee_412,42,Female,North,High School,Part-Time,8,1412,5412,33230,HR,59,1,Kolkata
413,Employee_413,29,Female,West,Master,Employed,1,1413,5413,49009,Finance,4,1,Kolkata
414,Employee_414,24,Male,North,Bachelor,Unemployed,14,1414,5414,90969,Sales,67,4,Mumbai
415,Employee_415,55,Female,East,Bachelor,Employed,17,1415,5415,53866,Finance,29,3,Kolkata
416,Employee_416,53,Male,East,Master,Part-Time,2,1416,5416,104246,HR,29,1,Mumbai
417,Employee_417,50,Male,East,High School,Unemployed,16,1417,5417,96975,Finance,98,1,Chennai
418,Employee_418,29,Male,West,High School,Part-Time,3,1418,5418,61855,HR,98,1,Chennai
419,Employee_419,38,Female,South,Bachelor,Unemployed,3,1419,5419,101557,HR,28,3,Chennai
420,Employee_420,51,Male,South,High School,Employed,13,1420,5420,26416,Finance,77,4,Kolkata
421,Employee_421,20,Male,East,Diploma,Part-Time,8,1421,5421,92516,IT,79,2,Delhi
422,Employee_422,24,Male,South,Master,Part-Time,8,1422,5422,75915,Finance,87,4,Delhi
423,Employee_423,23,Female,South,Diploma,Unemployed,17,1423,5423,38058,IT,44,1,Kolkata
424,Employee_424,35,Female,West,High School,Part-Time,9,1424,5424,96637,HR,90,4,Delhi
425,Employee_425,43,Female,North,Bachelor,Unemployed,3,1425,5425,60718,HR,4,4,Mumbai
426,Employee_426,35,Female,East,Master,Unemployed,11,1426,5426,52602,IT,90,2,Delhi
427,Employee_427,21,Female,East,High School,Unemployed,7,1427,5427,94658,HR,9,3,Kolkata
428,Employee_428,47,Male,West,High School,Unemployed,1,1428,5428,98112,IT,5,3,Kolkata
429,Employee_429,51,Female,West,Bachelor,Employed,12,1429,5429,78067,IT,56,4,Mumbai
430,Employee_430,46,Female,South,Bachelor,Unemployed,15,1430,5430,47516,HR,96,4,Chennai
431,Employee_431,39,Female,East,Diploma,Part-Time,1,1431,5431,107969,Sales,84,3,Kolkata
432,Employee_432,43,Male,North,Master,Employed,10,1432,5432,21089,IT,50,3,Mumbai
433,Employee_433,31,Female,West,Master,Part-Time,9,1433,5433,57346,Finance,75,2,Delhi
434,Employee_434,54,Female,North,Bachelor,Employed,14,1434,5434,94663,Finance,15,1,Delhi
435,Employee_435,52,Male,North,Diploma,Unemployed,16,1435,5435,30487,HR,32,4,Mumbai
436,Employee_436,52,Female,East,Master,Employed,7,1436,5436,20155,Sales,28,3,Mumbai
437,Employee_437,56,Male,East,Bachelor,Employed,17,1437,5437,87494,HR,22,4,Kolkata
438,Employee_438,31,Male,West,High School,Part-Time,8,1438,5438,96229,Sales,17,4,Delhi
439,Employee_439,22,Male,East,Master,Part-Time,7,1439,5439,58547,IT,59,3,Mumbai
440,Employee_440,20,Male,East,Diploma,Unemployed,13,1440,5440,48795,IT,90,2,Delhi
441,Employee_441,52,Male,East,Diploma,Employed,17,1441,5441,75296,IT,71,4,Mumbai
442,Employee_442,59,Female,North,Diploma,Employed,19,1442,5442,41447,IT,57,2,Delhi
443,Employee_443,29,Male,West,High School,Employed,19,1443,5443,56598,Finance,26,3,Chennai
444,Employee_444,48,Male,South,Master,Unemployed,11,1444,5444,61814,Finance,25,1,Kolkata
445,Employee_445,32,Female,North,Master,Unemployed,18,1445,5445,110751,HR,10,1,Delhi
446,Employee_446,31,Male,East,High School,Unemployed,13,1446,5446,95330,Sales,45,4,Chennai
447,Employee_447,50,Female,North,Master,Unemployed,16,1447,5447,118745,IT,83,3,Delhi
448,Employee_448,21,Female,East,High School,Unemployed,2,1448,5448,107960,IT,11,2,Delhi
449,Employee_449,54,Female,East,High School,Part-Time,6,1449,5449,83278,Sales,77,4,Chennai
450,Employee_450,42,Male,North,High School,Employed,16,1450,5450,75077,Sales,53,3,Delhi
451,Employee_451,36,Male,West,Diploma,Employed,11,1451,5451,91906,HR,72,3,Delhi
452,Employee_452,45,Male,East,Master,Employed,8,1452,5452,29528,Sales,68,2,Kolkata
453,Employee_453,27,Female,West,High School,Employed,14,1453,5453,113812,IT,95,4,Chennai
454,Employee_454,48,Male,South,Master,Employed,17,1454,5454,70100,IT,28,3,Chennai
455,Employee_455,45,Male,East,Diploma,Employed,12,1455,5455,28179,IT,75,3,Mumbai
456,Employee_456,29,Male,West,High School,Employed,7,1456,5456,68781,IT,65,3,Delhi
457,Employee_457,45,Female,West,Bachelor,Employed,13,1457,5457,75267,IT,49,2,Kolkata
458,Employee_458,53,Female,South,Diploma,Part-Time,7,1458,5458,102379,HR,47,4,Delhi
459,Employee_459,26,Male,West,Bachelor,Employed,13,1459,5459,43952,IT,52,4,Delhi
460,Employee_460,23,Male,West,Master,Part-Time,6,1460,5460,73798,HR,88,4,Mumbai
461,Employee_461,30,Male,South,Master,Unemployed,11,1461,5461,118696,IT,54,4,Delhi
462,Employee_462,48,Male,East,Diploma,Employed,10,1462,5462,70939,Finance,60,1,Kolkata
463,Employee_463,55,Female,West,Master,Unemployed,10,1463,5463,49516,Finance,57,1,Kolkata
464,Employee_464,44,Female,West,Bachelor,Unemployed,12,1464,5464,76526,Finance,47,4,Mumbai
465,Employee_465,40,Female,West,High School,Unemployed,17,1465,5465,30449,Finance,31,2,Delhi
466,Employee_466,55,Female,North,High School,Part-Time,1,1466,5466,70290,HR,46,1,Kolkata
467,Employee_467,29,Male,South,High School,Unemployed,14,1467,5467,106661,HR,26,3,Delhi
468,Employee_468,56,Male,North,Diploma,Unemployed,19,1468,5468,92954,Sales,5,1,Delhi
469,Employee_469,28,Male,South,Master,Unemployed,17,1469,5469,42746,IT,84,3,Delhi
470,Employee_470,43,Female,East,Bachelor,Employed,14,1470,5470,87990,Finance,52,4,Mumbai
471,Employee_471,54,Male,East,Master,Employed,18,1471,5471,78810,HR,75,1,Delhi
472,Employee_472,54,Female,West,Master,Part-Time,11,1472,5472,103297,IT,54,2,Kolkata
473,Employee_473,55,Female,South,Master,Part-Time,12,1473,5473,35223,IT,33,1,Delhi
474,Employee_474,37,Male,East,High School,Employed,10,1474,5474,92237,HR,50,1,Kolkata
475,Employee_475,58,Male,South,Bachelor,Part-Time,4,1475,5475,22597,Finance,38,1,Delhi
476,Employee_476,51,Male,East,Bachelor,Employed,0,1476,5476,85677,Sales,27,4,Kolkata
477,Employee_477,43,Female,North,Master,Unemployed,2,1477,5477,22659,IT,98,2,Kolkata
478,Employee_478,42,Male,East,High School,Unemployed,18,1478,5478,106516,Sales,15,1,Delhi
479,Employee_479,51,Female,North,High School,Part-Time,6,1479,5479,94567,Finance,96,2,Delhi
480,Employee_480,56,Male,East,Bachelor,Employed,11,1480,5480,35037,Finance,61,4,Kolkata
481,Employee_481,31,Female,West,High School,Employed,14,1481,5481,66738,Sales,21,3,Chennai
482,Employee_482,32,Female,North,High School,Part-Time,4,1482,5482,91678,Finance,46,1,Mumbai
483,Employee_483,42,Male,East,High School,Employed,14,1483,5483,32109,IT,69,2,Chennai
484,Employee_484,44,Female,West,Diploma,Unemployed,7,1484,5484,42010,Sales,6,2,Chennai
485,Employee_485,54,Female,North,Master,Part-Time,9,1485,5485,28787,Finance,38,4,Delhi
486,Employee_486,49,Male,West,Bachelor,Part-Time,15,1486,5486,28472,Sales,62,1,Mumbai
487,Employee_487,36,Female,South,Bachelor,Employed,7,1487,5487,43383,IT,86,3,Chennai
488,Employee_488,39,Male,South,Diploma,Part-Time,0,1488,5488,81709,Finance,62,2,Delhi
489,Employee_489,44,Female,North,Master,Employed,11,1489,5489,89785,IT,82,1,Chennai
490,Employee_490,41,Male,East,Bachelor,Employed,4,1490,5490,54518,Finance,78,3,Chennai
491,Employee_491,32,Male,North,High School,Employed,2,1491,5491,73909,HR,74,2,Delhi
492,Employee_492,38,Female,West,Bachelor,Employed,0,1492,5492,38351,Finance,46,2,Delhi
493,Employee_493,55,Female,East,High School,Employed,3,1493,5493,89624,Sales,13,3,Delhi
494,Employee_494,31,Female,South,Diploma,Part-Time,7,1494,5494,73330,Finance,95,3,Mumbai
495,Employee_495,38,Female,East,High School,Unemployed,2,1495,5495,35282,IT,94,4,Chennai
496,Employee_496,31,Female,South,Bachelor,Unemployed,9,1496,5496,104866,IT,3,1,Delhi
497,Employee_497,28,Male,East,Bachelor,Part-Time,1,1497,5497,41778,Finance,94,1,Kolkata
498,Employee_498,26,Female,East,Bachelor,Part-Time,10,1498,5498,44264,Sales,6,4,Chennai
499,Employee_499,47,Male,East,Diploma,Unemployed,9,1499,5499,79675,HR,93,2,Kolkata
500,Employee_500,33,Male,West,Diploma,Unemployed,13,1500,5500,25075,Sales,8,3,Mumbai
