JobID,JobTitle,Company,Region,MinExperience,MaxExperience,SalaryRangeMin,SalaryRangeMax,RequiredSkills,Openings,JobType,Industry,EducationRequired,PostedDate,MatchedEmployeeID
1001,Data Analyst,Accenture,East,4,10,36980,108446,Leadership,3,Full-Time,Manufacturing,Master,2024-01-01,1
1002,Sales Executive,Accenture,West,5,11,26054,102428,Communication,8,Full-Time,Tech,Bachelor,2024-01-02,2
1003,HR Manager,Accenture,South,9,12,21505,97894,Leadership,4,Contract,Finance,Diploma,2024-01-03,3
1004,Data Analyst,Wipro,South,3,10,29053,131149,Leadership,1,Full-Time,Manufacturing,Bachelor,2024-01-04,4
1005,Sales Executive,Accenture,North,1,7,35749,56447,Python,6,Full-Time,Manufacturing,Master,2024-01-05,5
1006,Sales Executive,Wipro,West,9,6,30832,55499,Communication,1,Contract,Retail,Diploma,2024-01-06,6
1007,HR Manager,Infosys,North,8,16,49670,89041,Leadership,5,Contract,Tech,Diploma,2024-01-07,7
1008,Data Analyst,Accenture,West,9,11,36344,81315,Leadership,7,Part-Time,Manufacturing,Diploma,2024-01-08,8
1009,Data Analyst,Accenture,East,6,16,42852,51299,Python,6,Full-Time,Retail,Diploma,2024-01-09,9
1010,Sales Executive,TCS,East,3,16,43620,54994,Python,2,Part-Time,Finance,Bachelor,2024-01-10,10
1011,Sales Executive,Infosys,North,2,16,48307,145414,Excel,4,Part-Time,Retail,Master,2024-01-11,11
1012,Sales Executive,Accenture,West,9,15,34783,131163,Leadership,2,Contract,Retail,Diploma,2024-01-12,12
1013,Data Analyst,Accenture,North,2,5,21551,57489,Excel,1,Full-Time,Manufacturing,Diploma,2024-01-13,13
1014,HR Manager,Infosys,South,8,7,35154,141647,Leadership,3,Full-Time,Manufacturing,Master,2024-01-14,14
1015,HR Manager,Wipro,North,4,16,47812,82355,Excel,3,Contract,Manufacturing,Bachelor,2024-01-15,15
1016,Data Analyst,Accenture,North,2,15,33799,123805,Python,7,Part-Time,Retail,Diploma,2024-01-16,16
1017,Accountant,TCS,East,4,8,46312,118367,Communication,1,Contract,Finance,Bachelor,2024-01-17,17
1018,HR Manager,Accenture,North,1,17,26852,127355,Python,9,Full-Time,Tech,Bachelor,2024-01-18,18
1019,Sales Executive,TCS,West,3,18,21449,140349,Excel,6,Contract,Retail,Bachelor,2024-01-19,19
1020,Accountant,TCS,East,9,5,42337,137173,Excel,4,Full-Time,Manufacturing,Bachelor,2024-01-20,20
1021,Accountant,Accenture,North,1,9,44840,51996,Communication,3,Part-Time,Tech,Diploma,2024-01-21,21
1022,HR Manager,Accenture,South,1,14,44426,94387,Leadership,3,Full-Time,Finance,Diploma,2024-01-22,22
1023,Accountant,TCS,North,7,7,22659,53089,Excel,2,Part-Time,Tech,Bachelor,2024-01-23,23
1024,Accountant,Infosys,North,0,6,27509,148827,Excel,2,Part-Time,Manufacturing,Bachelor,2024-01-24,24
1025,HR Manager,Infosys,North,6,19,44277,70659,Excel,5,Full-Time,Retail,Master,2024-01-25,25
1026,HR Manager,Accenture,East,4,7,43829,95178,Communication,9,Full-Time,Retail,Master,2024-01-26,26
1027,Accountant,Wipro,West,7,12,22721,145965,Python,2,Part-Time,Manufacturing,Master,2024-01-27,27
1028,Sales Executive,Infosys,South,0,10,46038,131268,Excel,2,Contract,Retail,Diploma,2024-01-28,28
1029,Data Analyst,Accenture,North,6,17,32444,135042,Communication,6,Full-Time,Manufacturing,Master,2024-01-29,29
1030,Accountant,Infosys,West,4,18,29637,120726,Excel,2,Part-Time,Retail,Diploma,2024-01-30,30
1031,Accountant,Wipro,West,3,11,30490,120111,Leadership,4,Part-Time,Retail,Diploma,2024-01-31,31
1032,Sales Executive,Accenture,East,6,16,22925,84565,Communication,6,Contract,Retail,Diploma,2024-02-01,32
1033,Accountant,Wipro,South,9,10,29824,139242,Excel,5,Full-Time,Finance,Diploma,2024-02-02,33
1034,Accountant,Accenture,East,1,10,46950,72884,Communication,1,Part-Time,Finance,Master,2024-02-03,34
1035,Data Analyst,Wipro,West,0,16,43488,67199,Excel,6,Contract,Manufacturing,Bachelor,2024-02-04,35
1036,Data Analyst,Infosys,West,0,7,49566,110038,Python,1,Part-Time,Finance,Bachelor,2024-02-05,36
1037,Data Analyst,Infosys,West,0,16,26240,107786,Excel,3,Full-Time,Manufacturing,Bachelor,2024-02-06,37
1038,HR Manager,Wipro,East,4,17,36896,99294,Communication,5,Contract,Tech,Master,2024-02-07,38
1039,HR Manager,Wipro,South,9,18,20215,128015,Leadership,5,Part-Time,Tech,Bachelor,2024-02-08,39
1040,Data Analyst,Wipro,North,6,12,27299,84178,Leadership,6,Contract,Finance,Master,2024-02-09,40
1041,Data Analyst,Accenture,East,1,16,31523,62665,Leadership,8,Full-Time,Tech,Master,2024-02-10,41
1042,HR Manager,Infosys,West,9,11,30364,50534,Excel,5,Contract,Tech,Master,2024-02-11,42
1043,Sales Executive,Accenture,East,7,11,23153,141828,Python,1,Full-Time,Retail,Bachelor,2024-02-12,43
1044,Accountant,Infosys,West,3,10,43834,86132,Excel,5,Part-Time,Retail,Bachelor,2024-02-13,44
1045,Accountant,TCS,North,2,9,21706,86110,Leadership,3,Full-Time,Manufacturing,Bachelor,2024-02-14,45
1046,Data Analyst,Accenture,North,9,14,30298,108754,Communication,4,Part-Time,Tech,Diploma,2024-02-15,46
1047,Sales Executive,Infosys,South,7,12,21567,113580,Leadership,8,Part-Time,Manufacturing,Master,2024-02-16,47
1048,HR Manager,Infosys,West,1,9,30400,72469,Communication,7,Full-Time,Manufacturing,Diploma,2024-02-17,48
1049,Data Analyst,Accenture,South,2,13,46907,114016,Python,5,Part-Time,Tech,Master,2024-02-18,49
1050,Sales Executive,Accenture,South,2,13,30345,96233,Communication,2,Contract,Finance,Bachelor,2024-02-19,50
1051,Sales Executive,Infosys,North,9,5,21128,116708,Excel,6,Part-Time,Tech,Master,2024-02-20,51
1052,Sales Executive,Accenture,East,0,10,39894,108232,Excel,6,Full-Time,Retail,Master,2024-02-21,52
1053,HR Manager,Wipro,East,5,11,48899,143450,Excel,6,Contract,Tech,Diploma,2024-02-22,53
1054,HR Manager,Accenture,South,1,7,27867,136437,Communication,9,Contract,Finance,Master,2024-02-23,54
1055,Accountant,Accenture,North,0,11,48229,84409,Excel,8,Part-Time,Manufacturing,Bachelor,2024-02-24,55
1056,Accountant,Accenture,West,1,15,38749,69324,Excel,8,Part-Time,Manufacturing,Master,2024-02-25,56
1057,Sales Executive,Infosys,East,5,15,25583,58738,Excel,1,Full-Time,Retail,Master,2024-02-26,57
1058,Sales Executive,Wipro,South,3,11,24897,74054,Python,5,Contract,Retail,Master,2024-02-27,58
1059,HR Manager,TCS,East,5,18,42102,79709,Communication,7,Full-Time,Retail,Diploma,2024-02-28,59
1060,Accountant,TCS,East,8,17,26001,135643,Communication,6,Part-Time,Manufacturing,Master,2024-02-29,60
1061,Sales Executive,Wipro,West,9,15,31113,50363,Leadership,5,Contract,Retail,Master,2024-03-01,61
1062,Accountant,Wipro,North,9,6,24567,60358,Communication,8,Full-Time,Tech,Diploma,2024-03-02,62
1063,Accountant,Wipro,West,7,11,29271,53240,Python,3,Full-Time,Manufacturing,Diploma,2024-03-03,63
1064,Sales Executive,Infosys,North,0,19,34348,122201,Communication,6,Full-Time,Finance,Diploma,2024-03-04,64
1065,HR Manager,TCS,East,7,5,31703,95689,Python,5,Full-Time,Manufacturing,Diploma,2024-03-05,65
1066,Sales Executive,Wipro,South,8,9,33329,51936,Python,8,Full-Time,Tech,Bachelor,2024-03-06,66
1067,Sales Executive,Infosys,West,5,13,22741,141074,Communication,4,Contract,Tech,Bachelor,2024-03-07,67
1068,Accountant,TCS,North,9,11,39404,93965,Leadership,8,Full-Time,Retail,Master,2024-03-08,68
1069,Sales Executive,Accenture,East,4,11,26256,127534,Excel,2,Contract,Manufacturing,Bachelor,2024-03-09,69
1070,HR Manager,Infosys,North,5,15,20228,50882,Excel,9,Full-Time,Manufacturing,Master,2024-03-10,70
1071,Sales Executive,TCS,North,5,17,44746,70224,Communication,9,Part-Time,Manufacturing,Bachelor,2024-03-11,71
1072,HR Manager,Infosys,North,8,16,36678,80825,Communication,6,Part-Time,Finance,Diploma,2024-03-12,72
1073,HR Manager,TCS,East,3,6,24284,120740,Python,4,Full-Time,Retail,Diploma,2024-03-13,73
1074,Accountant,TCS,South,1,12,45001,78885,Communication,4,Part-Time,Tech,Bachelor,2024-03-14,74
1075,Data Analyst,Accenture,South,8,7,33264,90056,Python,6,Contract,Tech,Bachelor,2024-03-15,75
1076,Data Analyst,Infosys,South,1,19,33390,53203,Leadership,5,Full-Time,Retail,Master,2024-03-16,76
1077,Accountant,Wipro,North,9,12,43185,110241,Communication,6,Contract,Tech,Master,2024-03-17,77
1078,Sales Executive,Accenture,East,8,7,20918,52244,Excel,7,Full-Time,Tech,Master,2024-03-18,78
1079,Accountant,Accenture,North,1,14,31445,148322,Excel,7,Part-Time,Retail,Diploma,2024-03-19,79
1080,HR Manager,TCS,South,7,11,20498,118619,Communication,9,Contract,Tech,Diploma,2024-03-20,80
1081,Data Analyst,Wipro,South,8,6,22809,71584,Python,8,Part-Time,Manufacturing,Diploma,2024-03-21,81
1082,Accountant,Infosys,East,9,8,24961,58521,Excel,6,Part-Time,Finance,Diploma,2024-03-22,82
1083,Sales Executive,Wipro,North,8,15,29017,100017,Python,6,Full-Time,Retail,Master,2024-03-23,83
1084,Accountant,Wipro,West,9,10,23779,83541,Communication,5,Contract,Finance,Diploma,2024-03-24,84
1085,Data Analyst,Wipro,West,8,15,30050,79063,Communication,1,Part-Time,Tech,Diploma,2024-03-25,85
1086,Accountant,Wipro,South,1,13,22118,120268,Excel,9,Full-Time,Tech,Diploma,2024-03-26,86
1087,Accountant,Wipro,East,3,9,26391,114952,Communication,9,Full-Time,Manufacturing,Diploma,2024-03-27,87
1088,Data Analyst,TCS,North,6,17,20145,143054,Leadership,9,Full-Time,Retail,Bachelor,2024-03-28,88
1089,HR Manager,TCS,North,1,13,33929,89563,Leadership,8,Part-Time,Tech,Master,2024-03-29,89
1090,HR Manager,Accenture,South,0,19,44326,89752,Excel,3,Full-Time,Retail,Master,2024-03-30,90
1091,Data Analyst,TCS,South,2,9,49991,145233,Leadership,1,Contract,Retail,Diploma,2024-03-31,91
1092,Accountant,Accenture,North,3,14,34917,52567,Python,8,Contract,Retail,Bachelor,2024-04-01,92
1093,Data Analyst,Accenture,North,7,12,24565,66121,Excel,7,Part-Time,Retail,Master,2024-04-02,93
1094,HR Manager,Infosys,South,5,17,48153,51674,Excel,5,Contract,Retail,Master,2024-04-03,94
1095,Sales Executive,Wipro,North,1,17,36576,126411,Python,7,Full-Time,Finance,Diploma,2024-04-04,95
1096,Accountant,TCS,West,8,5,41571,116275,Leadership,4,Part-Time,Manufacturing,Diploma,2024-04-05,96
1097,HR Manager,Infosys,South,1,11,26637,117081,Leadership,9,Full-Time,Retail,Master,2024-04-06,97
1098,Accountant,TCS,North,4,8,48464,79140,Leadership,2,Part-Time,Finance,Master,2024-04-07,98
1099,Data Analyst,Accenture,South,3,9,28243,59327,Excel,9,Part-Time,Tech,Bachelor,2024-04-08,99
1100,Sales Executive,TCS,East,6,10,22410,120663,Excel,9,Full-Time,Retail,Master,2024-04-09,100
1101,Data Analyst,Wipro,South,7,9,21820,73331,Leadership,5,Contract,Tech,Master,2024-04-10,101
1102,Sales Executive,Accenture,South,4,16,39348,73004,Communication,1,Contract,Retail,Diploma,2024-04-11,102
1103,Accountant,Accenture,East,9,5,22521,60492,Leadership,7,Part-Time,Finance,Master,2024-04-12,103
1104,Accountant,Infosys,West,4,16,46445,104797,Python,4,Full-Time,Finance,Diploma,2024-04-13,104
1105,Data Analyst,Wipro,North,1,13,38952,108095,Excel,9,Full-Time,Finance,Master,2024-04-14,105
1106,Sales Executive,Accenture,East,7,6,25882,63749,Python,6,Part-Time,Manufacturing,Master,2024-04-15,106
1107,Sales Executive,Wipro,South,1,13,21867,113217,Python,3,Contract,Tech,Master,2024-04-16,107
1108,Accountant,TCS,North,9,14,27465,139044,Excel,6,Full-Time,Manufacturing,Bachelor,2024-04-17,108
1109,Data Analyst,Wipro,East,5,6,43986,59045,Communication,6,Contract,Retail,Diploma,2024-04-18,109
1110,Sales Executive,Accenture,North,7,13,47314,70116,Leadership,5,Contract,Tech,Bachelor,2024-04-19,110
1111,Accountant,Infosys,North,5,10,31461,68667,Python,2,Part-Time,Finance,Master,2024-04-20,111
1112,HR Manager,Accenture,East,3,15,39583,125057,Excel,2,Part-Time,Tech,Bachelor,2024-04-21,112
1113,Data Analyst,Wipro,North,3,13,47155,124205,Python,7,Contract,Finance,Diploma,2024-04-22,113
1114,HR Manager,Wipro,West,5,17,26103,77302,Leadership,2,Full-Time,Manufacturing,Master,2024-04-23,114
1115,Data Analyst,Accenture,East,3,10,32197,61283,Communication,6,Full-Time,Manufacturing,Bachelor,2024-04-24,115
1116,Accountant,Wipro,West,7,10,49511,80935,Communication,5,Part-Time,Finance,Bachelor,2024-04-25,116
1117,Sales Executive,TCS,South,8,17,35424,122534,Communication,4,Contract,Finance,Diploma,2024-04-26,117
1118,Sales Executive,Accenture,North,0,15,36053,144342,Excel,7,Full-Time,Retail,Bachelor,2024-04-27,118
1119,Sales Executive,Infosys,South,3,18,20240,81624,Excel,8,Full-Time,Manufacturing,Diploma,2024-04-28,119
1120,Data Analyst,Accenture,South,3,6,39824,63440,Communication,4,Part-Time,Manufacturing,Master,2024-04-29,120
1121,Accountant,TCS,North,1,12,24631,96501,Leadership,1,Contract,Retail,Master,2024-04-30,121
1122,HR Manager,TCS,East,5,7,29599,137333,Leadership,1,Full-Time,Manufacturing,Bachelor,2024-05-01,122
1123,Accountant,TCS,North,2,11,31694,51269,Excel,1,Part-Time,Finance,Master,2024-05-02,123
1124,HR Manager,TCS,South,6,9,48614,57868,Communication,1,Full-Time,Tech,Master,2024-05-03,124
1125,Data Analyst,TCS,South,4,7,44658,80251,Leadership,5,Full-Time,Tech,Bachelor,2024-05-04,125
1126,Data Analyst,Infosys,East,3,5,25077,127909,Leadership,4,Full-Time,Manufacturing,Master,2024-05-05,126
1127,HR Manager,Wipro,North,4,12,23768,134523,Leadership,9,Part-Time,Retail,Bachelor,2024-05-06,127
1128,HR Manager,TCS,South,7,7,29142,88729,Excel,3,Contract,Finance,Diploma,2024-05-07,128
1129,HR Manager,TCS,West,2,6,27995,65734,Communication,7,Part-Time,Tech,Diploma,2024-05-08,129
1130,Accountant,Accenture,South,6,5,45186,92429,Python,8,Contract,Finance,Diploma,2024-05-09,130
1131,HR Manager,Infosys,South,5,8,49245,91337,Communication,6,Full-Time,Manufacturing,Bachelor,2024-05-10,131
1132,Data Analyst,Infosys,East,0,17,42813,90325,Communication,1,Contract,Manufacturing,Bachelor,2024-05-11,132
1133,Data Analyst,Wipro,West,6,12,33276,133600,Excel,8,Full-Time,Tech,Master,2024-05-12,133
1134,Sales Executive,Infosys,South,6,17,39989,112514,Leadership,3,Full-Time,Manufacturing,Master,2024-05-13,134
1135,HR Manager,Accenture,South,0,7,32746,58433,Leadership,8,Part-Time,Retail,Master,2024-05-14,135
1136,Accountant,Accenture,West,8,18,31475,59111,Excel,4,Full-Time,Manufacturing,Master,2024-05-15,136
1137,Accountant,Wipro,North,5,5,38557,113753,Excel,8,Part-Time,Manufacturing,Master,2024-05-16,137
1138,Accountant,Accenture,North,1,8,48060,130583,Excel,1,Contract,Manufacturing,Bachelor,2024-05-17,138
1139,Sales Executive,TCS,South,4,13,46098,123620,Excel,3,Contract,Finance,Bachelor,2024-05-18,139
1140,Data Analyst,TCS,South,3,17,26568,71751,Excel,6,Full-Time,Finance,Diploma,2024-05-19,140
1141,Accountant,Accenture,North,6,5,22601,66453,Python,9,Part-Time,Tech,Diploma,2024-05-20,141
1142,Data Analyst,Wipro,East,7,16,39041,135844,Communication,2,Full-Time,Tech,Diploma,2024-05-21,142
1143,Sales Executive,Infosys,West,0,18,26080,88968,Communication,1,Part-Time,Tech,Diploma,2024-05-22,143
1144,HR Manager,Wipro,West,4,15,33854,80077,Communication,3,Part-Time,Manufacturing,Bachelor,2024-05-23,144
1145,HR Manager,Infosys,East,2,6,43709,84775,Leadership,4,Part-Time,Finance,Bachelor,2024-05-24,145
1146,HR Manager,Accenture,East,0,13,22159,108144,Python,5,Contract,Retail,Bachelor,2024-05-25,146
1147,Accountant,Accenture,East,2,6,47025,98570,Communication,3,Part-Time,Manufacturing,Master,2024-05-26,147
1148,HR Manager,TCS,East,5,17,40214,96097,Leadership,2,Contract,Manufacturing,Master,2024-05-27,148
1149,Accountant,Infosys,East,6,7,28313,74503,Python,2,Part-Time,Manufacturing,Diploma,2024-05-28,149
1150,Sales Executive,Wipro,East,7,11,24368,52779,Python,7,Contract,Retail,Master,2024-05-29,150
1151,Sales Executive,Accenture,West,3,7,21317,136840,Leadership,9,Contract,Tech,Bachelor,2024-05-30,151
1152,Accountant,Wipro,East,2,13,40877,50755,Python,2,Contract,Retail,Diploma,2024-05-31,152
1153,Data Analyst,TCS,North,4,10,47094,89263,Leadership,7,Full-Time,Tech,Diploma,2024-06-01,153
1154,HR Manager,Infosys,East,8,7,33272,105087,Communication,7,Part-Time,Retail,Master,2024-06-02,154
1155,HR Manager,Infosys,East,5,13,21230,92281,Leadership,7,Full-Time,Finance,Diploma,2024-06-03,155
1156,HR Manager,Accenture,West,8,5,37517,101482,Python,3,Part-Time,Manufacturing,Master,2024-06-04,156
1157,Accountant,Infosys,West,5,14,43991,104857,Communication,7,Part-Time,Manufacturing,Master,2024-06-05,157
1158,Sales Executive,Accenture,East,1,7,21301,67400,Communication,1,Full-Time,Manufacturing,Diploma,2024-06-06,158
1159,HR Manager,TCS,West,4,5,48610,90115,Excel,1,Contract,Tech,Master,2024-06-07,159
1160,Sales Executive,Infosys,South,8,6,35927,64249,Excel,5,Part-Time,Retail,Master,2024-06-08,160
1161,HR Manager,Accenture,West,7,16,21910,96825,Python,2,Contract,Finance,Master,2024-06-09,161
1162,HR Manager,Wipro,West,6,12,44466,74600,Leadership,9,Full-Time,Retail,Master,2024-06-10,162
1163,Accountant,Accenture,West,0,11,34904,87706,Leadership,7,Contract,Manufacturing,Diploma,2024-06-11,163
1164,Data Analyst,Infosys,West,3,6,28107,69222,Python,4,Part-Time,Finance,Bachelor,2024-06-12,164
1165,Accountant,TCS,North,6,6,46081,149041,Communication,4,Part-Time,Finance,Bachelor,2024-06-13,165
1166,HR Manager,Infosys,North,6,13,44354,91139,Python,2,Part-Time,Manufacturing,Master,2024-06-14,166
1167,HR Manager,Infosys,North,5,17,47761,91302,Python,5,Full-Time,Retail,Master,2024-06-15,167
1168,Data Analyst,Accenture,East,7,17,38300,144684,Communication,4,Part-Time,Manufacturing,Master,2024-06-16,168
1169,Sales Executive,Wipro,East,5,10,49491,137838,Leadership,1,Full-Time,Retail,Bachelor,2024-06-17,169
1170,Sales Executive,Infosys,South,9,9,43380,118159,Python,8,Contract,Finance,Master,2024-06-18,170
1171,HR Manager,Wipro,North,2,14,48124,58646,Leadership,3,Part-Time,Finance,Diploma,2024-06-19,171
1172,Sales Executive,Accenture,East,3,10,22757,63543,Python,6,Part-Time,Manufacturing,Diploma,2024-06-20,172
1173,HR Manager,Wipro,West,2,13,46532,144496,Communication,4,Part-Time,Finance,Diploma,2024-06-21,173
1174,Data Analyst,Accenture,West,0,15,26464,72785,Communication,9,Contract,Tech,Bachelor,2024-06-22,174
1175,Data Analyst,TCS,North,9,11,36562,128353,Excel,7,Part-Time,Finance,Master,2024-06-23,175
1176,HR Manager,Wipro,South,4,19,29088,81406,Communication,9,Full-Time,Tech,Master,2024-06-24,176
1177,Data Analyst,Wipro,South,0,14,42746,138992,Excel,3,Contract,Finance,Master,2024-06-25,177
1178,Accountant,TCS,West,0,14,35124,101428,Python,1,Contract,Manufacturing,Bachelor,2024-06-26,178
1179,Accountant,Wipro,South,1,18,34260,73777,Leadership,5,Contract,Manufacturing,Bachelor,2024-06-27,179
1180,Data Analyst,TCS,North,3,13,29743,107939,Communication,3,Contract,Tech,Bachelor,2024-06-28,180
1181,HR Manager,Infosys,West,5,8,28683,103026,Communication,6,Contract,Manufacturing,Bachelor,2024-06-29,181
1182,HR Manager,Accenture,East,7,6,20060,136450,Communication,8,Full-Time,Finance,Diploma,2024-06-30,182
1183,Data Analyst,TCS,East,2,16,29269,79553,Python,4,Contract,Finance,Bachelor,2024-07-01,183
1184,Sales Executive,Wipro,South,0,12,43065,73548,Excel,5,Part-Time,Manufacturing,Bachelor,2024-07-02,184
1185,Accountant,TCS,West,2,8,22895,113221,Python,5,Contract,Finance,Bachelor,2024-07-03,185
1186,Sales Executive,Wipro,West,2,17,35323,87265,Leadership,4,Contract,Retail,Master,2024-07-04,186
1187,HR Manager,Infosys,East,4,13,32352,90701,Python,4,Contract,Retail,Master,2024-07-05,187
1188,HR Manager,TCS,West,3,19,31875,101287,Leadership,4,Contract,Finance,Master,2024-07-06,188
1189,Sales Executive,Infosys,West,3,19,36969,56727,Communication,4,Contract,Manufacturing,Diploma,2024-07-07,189
1190,Data Analyst,Accenture,West,8,8,25823,100717,Leadership,4,Full-Time,Tech,Diploma,2024-07-08,190
1191,Sales Executive,Wipro,South,6,19,48536,82427,Leadership,5,Full-Time,Manufacturing,Bachelor,2024-07-09,191
1192,Sales Executive,Wipro,West,3,12,31962,66692,Excel,2,Contract,Tech,Master,2024-07-10,192
1193,Accountant,Infosys,North,2,13,20534,81625,Leadership,2,Full-Time,Manufacturing,Diploma,2024-07-11,193
1194,Accountant,Accenture,South,5,17,39846,74918,Leadership,9,Part-Time,Finance,Master,2024-07-12,194
1195,Sales Executive,TCS,West,2,13,24011,91136,Python,2,Contract,Retail,Diploma,2024-07-13,195
1196,Sales Executive,TCS,West,5,14,39782,102409,Communication,6,Part-Time,Manufacturing,Diploma,2024-07-14,196
1197,HR Manager,Wipro,North,8,8,22155,65577,Python,2,Part-Time,Tech,Bachelor,2024-07-15,197
1198,Accountant,Infosys,South,5,5,42350,135155,Python,5,Contract,Retail,Bachelor,2024-07-16,198
1199,Accountant,Infosys,East,3,19,43713,149246,Communication,4,Part-Time,Tech,Diploma,2024-07-17,199
1200,HR Manager,TCS,East,4,7,26957,131731,Communication,7,Part-Time,Finance,Bachelor,2024-07-18,200
1201,Data Analyst,Accenture,South,5,13,29196,77689,Leadership,7,Part-Time,Retail,Diploma,2024-07-19,201
1202,Accountant,Accenture,West,2,8,30691,61154,Leadership,6,Contract,Tech,Diploma,2024-07-20,202
1203,Accountant,TCS,West,7,9,41709,144948,Excel,5,Contract,Manufacturing,Master,2024-07-21,203
1204,Data Analyst,TCS,East,3,11,33327,71341,Python,1,Part-Time,Finance,Bachelor,2024-07-22,204
1205,Accountant,Infosys,East,7,9,44902,147554,Communication,3,Contract,Finance,Bachelor,2024-07-23,205
1206,Accountant,Accenture,East,9,8,41087,124681,Leadership,9,Contract,Finance,Bachelor,2024-07-24,206
1207,Data Analyst,TCS,North,9,19,22706,96330,Communication,1,Part-Time,Manufacturing,Master,2024-07-25,207
1208,Data Analyst,TCS,East,2,6,20001,137759,Leadership,5,Contract,Manufacturing,Master,2024-07-26,208
1209,Sales Executive,Wipro,North,9,19,29225,118416,Excel,2,Full-Time,Retail,Master,2024-07-27,209
1210,HR Manager,TCS,South,6,6,47057,136807,Excel,4,Contract,Manufacturing,Bachelor,2024-07-28,210
1211,HR Manager,TCS,West,8,17,44700,83313,Communication,1,Full-Time,Retail,Bachelor,2024-07-29,211
1212,Data Analyst,Accenture,East,3,17,37488,96900,Excel,3,Part-Time,Finance,Bachelor,2024-07-30,212
1213,Data Analyst,Infosys,West,7,8,34820,128840,Communication,7,Contract,Retail,Master,2024-07-31,213
1214,Accountant,Accenture,West,2,14,30891,84695,Leadership,3,Part-Time,Tech,Master,2024-08-01,214
1215,Sales Executive,Infosys,East,6,17,21861,80225,Python,4,Part-Time,Finance,Diploma,2024-08-02,215
1216,Sales Executive,Wipro,East,2,14,25269,136072,Excel,2,Part-Time,Finance,Master,2024-08-03,216
1217,Data Analyst,TCS,South,6,17,43327,146367,Leadership,3,Part-Time,Retail,Diploma,2024-08-04,217
1218,Accountant,Wipro,North,9,19,31112,99156,Python,9,Part-Time,Finance,Bachelor,2024-08-05,218
1219,Accountant,Infosys,North,9,13,35699,127209,Python,3,Contract,Manufacturing,Master,2024-08-06,219
1220,HR Manager,Accenture,West,5,12,28320,137453,Python,5,Full-Time,Tech,Bachelor,2024-08-07,220
1221,HR Manager,Accenture,East,1,7,36821,77829,Leadership,2,Contract,Retail,Bachelor,2024-08-08,221
1222,Accountant,Wipro,South,2,19,41230,130908,Leadership,4,Contract,Retail,Bachelor,2024-08-09,222
1223,HR Manager,Infosys,South,5,18,30740,75938,Communication,7,Contract,Finance,Bachelor,2024-08-10,223
1224,Data Analyst,Wipro,South,3,13,23129,109164,Python,7,Contract,Manufacturing,Master,2024-08-11,224
1225,Accountant,Wipro,South,5,18,45797,104530,Python,3,Full-Time,Finance,Bachelor,2024-08-12,225
1226,HR Manager,TCS,South,0,9,44465,118199,Python,5,Contract,Finance,Diploma,2024-08-13,226
1227,Sales Executive,Wipro,North,9,15,37285,110282,Communication,1,Part-Time,Retail,Master,2024-08-14,227
1228,Accountant,TCS,North,0,7,34380,97801,Python,1,Contract,Finance,Bachelor,2024-08-15,228
1229,Accountant,TCS,North,2,9,31360,59465,Leadership,5,Contract,Tech,Master,2024-08-16,229
1230,Sales Executive,Accenture,East,7,17,25398,53326,Python,9,Full-Time,Finance,Diploma,2024-08-17,230
1231,Data Analyst,TCS,West,7,14,43062,53659,Excel,1,Full-Time,Finance,Bachelor,2024-08-18,231
1232,Sales Executive,TCS,South,3,17,25529,110289,Leadership,1,Part-Time,Retail,Diploma,2024-08-19,232
1233,Accountant,Accenture,East,5,8,42988,77594,Communication,4,Contract,Finance,Bachelor,2024-08-20,233
1234,Data Analyst,Wipro,South,7,12,49062,54763,Python,4,Contract,Manufacturing,Diploma,2024-08-21,234
1235,HR Manager,Infosys,North,6,17,23918,138657,Excel,2,Contract,Retail,Bachelor,2024-08-22,235
1236,HR Manager,Infosys,East,6,16,37451,60828,Communication,9,Part-Time,Finance,Master,2024-08-23,236
1237,HR Manager,Infosys,North,3,9,36410,97588,Communication,9,Full-Time,Tech,Bachelor,2024-08-24,237
1238,Accountant,Wipro,South,8,14,26937,61221,Leadership,2,Part-Time,Tech,Master,2024-08-25,238
1239,Sales Executive,TCS,South,9,16,43648,61211,Communication,9,Contract,Retail,Bachelor,2024-08-26,239
1240,Data Analyst,Infosys,West,5,12,27118,63569,Communication,6,Full-Time,Retail,Bachelor,2024-08-27,240
1241,HR Manager,Wipro,South,2,13,36931,146894,Communication,8,Full-Time,Finance,Diploma,2024-08-28,241
1242,Data Analyst,TCS,North,4,8,30860,87860,Communication,4,Part-Time,Manufacturing,Diploma,2024-08-29,242
1243,Accountant,Accenture,South,4,11,45142,121558,Python,2,Full-Time,Finance,Diploma,2024-08-30,243
1244,HR Manager,Infosys,West,4,6,45279,95337,Python,2,Full-Time,Tech,Bachelor,2024-08-31,244
1245,Accountant,TCS,West,7,10,25338,102311,Python,9,Contract,Manufacturing,Bachelor,2024-09-01,245
1246,Sales Executive,Infosys,North,8,12,32472,63515,Python,1,Contract,Manufacturing,Bachelor,2024-09-02,246
1247,Accountant,Infosys,East,8,16,23140,121695,Excel,7,Full-Time,Manufacturing,Master,2024-09-03,247
1248,Accountant,Infosys,South,5,11,27996,137227,Python,3,Full-Time,Finance,Master,2024-09-04,248
1249,Sales Executive,TCS,West,5,11,35489,74904,Communication,3,Part-Time,Tech,Bachelor,2024-09-05,249
1250,Data Analyst,Wipro,South,8,12,37974,109935,Python,2,Part-Time,Retail,Diploma,2024-09-06,250
1251,Sales Executive,TCS,South,3,11,34201,93790,Python,6,Full-Time,Finance,Diploma,2024-09-07,251
1252,Sales Executive,Infosys,East,5,9,27776,118580,Leadership,2,Contract,Retail,Diploma,2024-09-08,252
1253,Accountant,TCS,West,3,11,24943,125148,Communication,4,Full-Time,Manufacturing,Bachelor,2024-09-09,253
1254,Data Analyst,Accenture,South,0,17,32886,55636,Python,9,Full-Time,Manufacturing,Diploma,2024-09-10,254
1255,HR Manager,Wipro,West,6,18,28997,127129,Python,9,Contract,Finance,Bachelor,2024-09-11,255
1256,Sales Executive,TCS,North,9,14,27798,52892,Python,6,Contract,Tech,Master,2024-09-12,256
1257,Data Analyst,Accenture,North,5,7,40175,71672,Excel,4,Part-Time,Manufacturing,Diploma,2024-09-13,257
1258,Sales Executive,Wipro,South,8,9,37741,55812,Python,7,Part-Time,Retail,Master,2024-09-14,258
1259,Sales Executive,Accenture,West,6,11,28092,146621,Leadership,1,Part-Time,Retail,Diploma,2024-09-15,259
1260,Sales Executive,Wipro,South,6,19,23225,50654,Communication,4,Part-Time,Finance,Bachelor,2024-09-16,260
1261,Sales Executive,TCS,West,1,13,31810,104633,Communication,5,Contract,Retail,Bachelor,2024-09-17,261
1262,Accountant,Accenture,West,8,19,46702,67143,Python,8,Full-Time,Tech,Bachelor,2024-09-18,262
1263,Data Analyst,Infosys,East,9,6,34914,105934,Python,2,Part-Time,Manufacturing,Bachelor,2024-09-19,263
1264,Data Analyst,Accenture,East,8,8,22460,117334,Python,5,Part-Time,Retail,Diploma,2024-09-20,264
1265,Data Analyst,Wipro,East,5,16,28737,79087,Communication,6,Contract,Retail,Master,2024-09-21,265
1266,Sales Executive,TCS,South,2,11,33920,61618,Communication,5,Contract,Manufacturing,Bachelor,2024-09-22,266
1267,Accountant,Wipro,East,0,5,39112,58446,Excel,9,Full-Time,Finance,Diploma,2024-09-23,267
1268,Sales Executive,Accenture,East,3,17,48310,137182,Leadership,1,Full-Time,Retail,Master,2024-09-24,268
1269,Sales Executive,Accenture,North,2,6,43110,98867,Excel,3,Contract,Finance,Bachelor,2024-09-25,269
1270,Data Analyst,Infosys,West,0,13,30754,101028,Leadership,2,Part-Time,Finance,Master,2024-09-26,270
1271,Sales Executive,TCS,West,2,17,43865,110101,Excel,3,Part-Time,Retail,Bachelor,2024-09-27,271
1272,HR Manager,TCS,East,3,14,46655,77200,Communication,9,Part-Time,Tech,Master,2024-09-28,272
1273,Sales Executive,Accenture,West,7,11,42814,145107,Excel,9,Full-Time,Finance,Master,2024-09-29,273
1274,HR Manager,TCS,North,8,16,30833,138074,Leadership,2,Part-Time,Retail,Bachelor,2024-09-30,274
1275,Sales Executive,Infosys,North,2,14,23114,111465,Python,3,Part-Time,Finance,Diploma,2024-10-01,275
1276,Accountant,Wipro,East,5,11,46502,136436,Leadership,4,Contract,Manufacturing,Master,2024-10-02,276
1277,Accountant,TCS,North,9,10,37000,137892,Python,9,Part-Time,Tech,Bachelor,2024-10-03,277
1278,Data Analyst,Accenture,West,4,7,35360,138559,Communication,3,Contract,Tech,Master,2024-10-04,278
1279,Sales Executive,Wipro,South,5,14,40028,89148,Leadership,7,Part-Time,Manufacturing,Master,2024-10-05,279
1280,HR Manager,Wipro,West,3,7,42797,132928,Excel,3,Full-Time,Manufacturing,Diploma,2024-10-06,280
1281,HR Manager,Infosys,South,9,6,37587,70698,Leadership,7,Part-Time,Finance,Master,2024-10-07,281
1282,Sales Executive,Accenture,East,5,15,29951,92470,Python,7,Part-Time,Manufacturing,Master,2024-10-08,282
1283,HR Manager,TCS,South,6,10,22565,142071,Communication,9,Contract,Tech,Bachelor,2024-10-09,283
1284,Accountant,Accenture,North,8,8,23174,101660,Excel,2,Contract,Manufacturing,Bachelor,2024-10-10,284
1285,HR Manager,Wipro,West,9,9,39465,103910,Leadership,6,Contract,Retail,Diploma,2024-10-11,285
1286,Data Analyst,Accenture,South,6,7,22630,85450,Python,9,Part-Time,Retail,Master,2024-10-12,286
1287,Accountant,TCS,West,5,10,23161,106463,Excel,2,Part-Time,Finance,Master,2024-10-13,287
1288,Accountant,TCS,East,0,15,24321,83757,Communication,2,Full-Time,Tech,Master,2024-10-14,288
1289,Accountant,Infosys,East,1,16,45245,128012,Excel,5,Part-Time,Retail,Diploma,2024-10-15,289
1290,Sales Executive,TCS,North,0,7,33204,120247,Communication,8,Full-Time,Manufacturing,Master,2024-10-16,290
1291,Sales Executive,TCS,East,8,18,42653,122015,Excel,9,Contract,Retail,Bachelor,2024-10-17,291
1292,Accountant,Accenture,South,9,19,27099,81390,Leadership,2,Contract,Retail,Diploma,2024-10-18,292
1293,Sales Executive,Accenture,East,9,18,43760,106116,Python,5,Contract,Finance,Bachelor,2024-10-19,293
1294,HR Manager,Wipro,North,8,12,31360,63161,Leadership,7,Full-Time,Manufacturing,Bachelor,2024-10-20,294
1295,Sales Executive,Infosys,West,6,13,30313,82152,Leadership,6,Part-Time,Manufacturing,Diploma,2024-10-21,295
1296,Sales Executive,Accenture,West,1,8,33502,130171,Communication,6,Contract,Manufacturing,Bachelor,2024-10-22,296
1297,Accountant,TCS,East,5,19,40462,145833,Communication,7,Part-Time,Finance,Master,2024-10-23,297
1298,Data Analyst,Wipro,South,3,13,25801,70836,Communication,3,Part-Time,Manufacturing,Diploma,2024-10-24,298
1299,Data Analyst,Accenture,North,0,16,34130,140367,Leadership,3,Contract,Manufacturing,Bachelor,2024-10-25,299
1300,Data Analyst,Infosys,South,0,11,34271,116543,Excel,9,Full-Time,Retail,Master,2024-10-26,300
1301,HR Manager,Infosys,North,4,7,36075,105648,Excel,8,Part-Time,Retail,Master,2024-10-27,301
1302,Sales Executive,Wipro,East,1,11,24151,76331,Leadership,5,Contract,Manufacturing,Bachelor,2024-10-28,302
1303,Data Analyst,Wipro,North,3,18,28911,60763,Leadership,6,Part-Time,Tech,Master,2024-10-29,303
1304,Accountant,Wipro,North,0,5,38984,119444,Python,1,Part-Time,Tech,Diploma,2024-10-30,304
1305,Data Analyst,Wipro,East,3,7,42559,143109,Communication,1,Part-Time,Manufacturing,Bachelor,2024-10-31,305
1306,Data Analyst,Wipro,South,5,10,48174,69187,Communication,4,Part-Time,Tech,Master,2024-11-01,306
1307,Sales Executive,TCS,East,9,8,32861,61957,Leadership,2,Part-Time,Finance,Master,2024-11-02,307
1308,Sales Executive,TCS,North,3,11,20666,54379,Leadership,7,Full-Time,Retail,Bachelor,2024-11-03,308
1309,Sales Executive,Accenture,East,0,18,36667,77959,Excel,2,Full-Time,Finance,Bachelor,2024-11-04,309
1310,HR Manager,Infosys,North,6,7,25840,132018,Leadership,2,Contract,Retail,Bachelor,2024-11-05,310
1311,HR Manager,TCS,East,1,5,48479,77105,Excel,5,Full-Time,Tech,Bachelor,2024-11-06,311
1312,Data Analyst,TCS,West,8,13,23565,50877,Leadership,4,Full-Time,Tech,Diploma,2024-11-07,312
1313,Sales Executive,TCS,West,2,19,30426,98353,Python,8,Full-Time,Manufacturing,Bachelor,2024-11-08,313
1314,Data Analyst,Accenture,East,7,10,40977,133788,Python,4,Part-Time,Tech,Diploma,2024-11-09,314
1315,Accountant,Wipro,South,7,12,37849,146870,Excel,6,Part-Time,Tech,Diploma,2024-11-10,315
1316,Accountant,Accenture,North,2,7,44705,134585,Communication,5,Contract,Manufacturing,Bachelor,2024-11-11,316
1317,Sales Executive,Infosys,West,3,12,41118,133308,Python,2,Contract,Manufacturing,Diploma,2024-11-12,317
1318,Sales Executive,Infosys,South,1,6,42641,101567,Excel,8,Contract,Retail,Bachelor,2024-11-13,318
1319,Accountant,Infosys,North,3,16,27366,107913,Leadership,2,Part-Time,Tech,Bachelor,2024-11-14,319
1320,Sales Executive,Infosys,West,8,8,46636,52637,Leadership,9,Full-Time,Retail,Master,2024-11-15,320
1321,HR Manager,TCS,West,1,7,35630,122778,Excel,9,Full-Time,Retail,Bachelor,2024-11-16,321
1322,HR Manager,TCS,East,2,14,40056,92025,Communication,3,Part-Time,Finance,Master,2024-11-17,322
1323,Sales Executive,Accenture,North,3,5,27382,149508,Excel,4,Contract,Tech,Diploma,2024-11-18,323
1324,Accountant,Wipro,South,4,19,42971,132464,Excel,8,Contract,Tech,Master,2024-11-19,324
1325,Data Analyst,Infosys,South,0,17,36149,78742,Python,9,Contract,Finance,Diploma,2024-11-20,325
1326,Sales Executive,Accenture,South,6,17,35871,61831,Excel,3,Part-Time,Retail,Bachelor,2024-11-21,326
1327,Sales Executive,TCS,North,9,11,47070,135092,Excel,5,Contract,Tech,Diploma,2024-11-22,327
1328,Data Analyst,TCS,South,6,15,33273,140879,Leadership,8,Contract,Retail,Diploma,2024-11-23,328
1329,Sales Executive,Wipro,South,8,14,20992,138370,Python,3,Part-Time,Finance,Bachelor,2024-11-24,329
1330,Data Analyst,Wipro,South,3,6,26858,96762,Leadership,7,Full-Time,Manufacturing,Diploma,2024-11-25,330
1331,Accountant,Wipro,East,5,8,22121,148958,Leadership,8,Part-Time,Retail,Bachelor,2024-11-26,331
1332,HR Manager,Accenture,East,1,13,47160,138741,Communication,3,Part-Time,Tech,Master,2024-11-27,332
1333,Accountant,TCS,North,3,10,32388,68830,Communication,2,Part-Time,Manufacturing,Bachelor,2024-11-28,333
1334,HR Manager,TCS,North,1,12,38607,105044,Python,7,Part-Time,Retail,Bachelor,2024-11-29,334
1335,Data Analyst,Wipro,South,9,6,40906,123948,Python,9,Full-Time,Retail,Diploma,2024-11-30,335
1336,HR Manager,Infosys,East,4,11,39572,119202,Communication,1,Contract,Manufacturing,Master,2024-12-01,336
1337,Accountant,Wipro,West,6,10,39621,87045,Communication,3,Part-Time,Manufacturing,Bachelor,2024-12-02,337
1338,HR Manager,Accenture,West,0,17,24136,136322,Communication,5,Full-Time,Manufacturing,Master,2024-12-03,338
1339,Data Analyst,Wipro,South,9,18,49100,121051,Communication,3,Contract,Tech,Master,2024-12-04,339
1340,HR Manager,Wipro,South,9,13,36727,76627,Communication,1,Contract,Tech,Diploma,2024-12-05,340
1341,Sales Executive,Accenture,East,6,11,32653,65198,Leadership,7,Contract,Retail,Bachelor,2024-12-06,341
1342,Accountant,Wipro,East,9,5,35479,119521,Python,7,Part-Time,Retail,Diploma,2024-12-07,342
1343,Sales Executive,TCS,East,5,18,41088,79475,Leadership,8,Part-Time,Finance,Bachelor,2024-12-08,343
1344,Data Analyst,Infosys,North,5,12,24823,69403,Leadership,5,Contract,Tech,Master,2024-12-09,344
1345,HR Manager,Wipro,North,7,15,46852,53681,Excel,5,Contract,Retail,Bachelor,2024-12-10,345
1346,Sales Executive,Accenture,South,7,14,24920,141555,Leadership,5,Contract,Manufacturing,Bachelor,2024-12-11,346
1347,Sales Executive,Infosys,North,5,19,39585,143122,Communication,1,Contract,Manufacturing,Master,2024-12-12,347
1348,HR Manager,Accenture,East,2,7,25471,92292,Communication,5,Contract,Tech,Master,2024-12-13,348
1349,HR Manager,Infosys,East,4,18,37272,55629,Excel,6,Contract,Manufacturing,Bachelor,2024-12-14,349
1350,Accountant,Infosys,North,1,6,46619,143246,Excel,1,Full-Time,Finance,Diploma,2024-12-15,350
1351,Sales Executive,Wipro,West,4,16,29533,145864,Excel,7,Contract,Retail,Bachelor,2024-12-16,351
1352,Sales Executive,TCS,South,8,7,27127,127814,Excel,1,Part-Time,Retail,Master,2024-12-17,352
1353,Data Analyst,Wipro,West,9,15,23720,58417,Excel,2,Part-Time,Retail,Diploma,2024-12-18,353
1354,Accountant,Accenture,South,0,10,39267,84765,Leadership,2,Part-Time,Tech,Master,2024-12-19,354
1355,Data Analyst,Accenture,West,9,17,35696,124499,Excel,5,Contract,Manufacturing,Master,2024-12-20,355
1356,Sales Executive,Infosys,North,4,18,49968,106574,Leadership,7,Part-Time,Finance,Diploma,2024-12-21,356
1357,Data Analyst,Infosys,South,5,7,40596,140545,Python,1,Full-Time,Tech,Master,2024-12-22,357
1358,Sales Executive,TCS,South,6,14,43345,77675,Excel,1,Contract,Retail,Master,2024-12-23,358
1359,Sales Executive,Wipro,South,8,9,38799,122267,Excel,1,Part-Time,Finance,Master,2024-12-24,359
1360,Data Analyst,Accenture,East,5,10,45693,90563,Leadership,6,Full-Time,Retail,Master,2024-12-25,360
1361,Data Analyst,Infosys,East,4,12,48839,61332,Python,2,Full-Time,Retail,Master,2024-12-26,361
1362,HR Manager,TCS,West,6,11,39385,69177,Leadership,1,Part-Time,Tech,Master,2024-12-27,362
1363,HR Manager,Accenture,North,0,18,38122,139254,Leadership,6,Full-Time,Retail,Master,2024-12-28,363
1364,HR Manager,Infosys,East,4,15,21364,118447,Excel,2,Part-Time,Finance,Master,2024-12-29,364
1365,Sales Executive,Accenture,South,1,12,22708,107104,Communication,6,Full-Time,Retail,Master,2024-12-30,365
1366,Data Analyst,TCS,East,3,7,32982,134335,Communication,8,Contract,Manufacturing,Bachelor,2024-12-31,366
1367,Accountant,TCS,North,6,8,37308,130730,Leadership,2,Contract,Retail,Bachelor,2025-01-01,367
1368,Sales Executive,Accenture,East,4,10,20151,54951,Excel,9,Contract,Tech,Master,2025-01-02,368
1369,Accountant,Wipro,South,5,15,45161,78333,Python,8,Contract,Finance,Bachelor,2025-01-03,369
1370,Data Analyst,Accenture,West,1,11,44428,71673,Communication,1,Contract,Tech,Diploma,2025-01-04,370
1371,Sales Executive,Infosys,South,2,13,37296,90870,Python,7,Part-Time,Manufacturing,Bachelor,2025-01-05,371
1372,Accountant,Wipro,North,6,17,22321,121101,Communication,6,Contract,Retail,Master,2025-01-06,372
1373,Accountant,Infosys,West,1,5,33865,72821,Excel,6,Contract,Tech,Master,2025-01-07,373
1374,HR Manager,Accenture,East,5,17,20495,75494,Leadership,6,Contract,Tech,Bachelor,2025-01-08,374
1375,HR Manager,Wipro,East,4,19,31987,149477,Python,6,Contract,Tech,Master,2025-01-09,375
1376,HR Manager,Infosys,East,9,12,22148,124160,Python,7,Full-Time,Tech,Diploma,2025-01-10,376
1377,Sales Executive,Accenture,West,0,12,20556,50835,Leadership,3,Contract,Manufacturing,Diploma,2025-01-11,377
1378,Data Analyst,Accenture,South,9,10,33393,68646,Python,6,Contract,Manufacturing,Master,2025-01-12,378
1379,Data Analyst,Wipro,West,3,8,21552,127360,Communication,3,Part-Time,Retail,Diploma,2025-01-13,379
1380,HR Manager,Accenture,West,1,7,38504,87335,Leadership,7,Full-Time,Retail,Diploma,2025-01-14,380
1381,HR Manager,TCS,North,3,15,23085,119351,Communication,7,Part-Time,Finance,Bachelor,2025-01-15,381
1382,HR Manager,Infosys,West,0,7,39888,52429,Communication,8,Contract,Manufacturing,Diploma,2025-01-16,382
1383,Accountant,Infosys,East,1,10,20156,91950,Excel,2,Part-Time,Tech,Bachelor,2025-01-17,383
1384,HR Manager,Accenture,South,7,17,28926,110654,Communication,9,Part-Time,Tech,Master,2025-01-18,384
1385,Accountant,Accenture,South,5,12,43889,118143,Excel,5,Contract,Finance,Bachelor,2025-01-19,385
1386,Data Analyst,TCS,South,1,11,27162,141186,Python,9,Full-Time,Tech,Master,2025-01-20,386
1387,Sales Executive,Wipro,East,5,15,41907,147889,Python,5,Full-Time,Finance,Master,2025-01-21,387
1388,Sales Executive,Accenture,East,9,5,43927,127527,Excel,7,Part-Time,Retail,Master,2025-01-22,388
1389,Sales Executive,Accenture,East,8,15,28055,136704,Communication,9,Contract,Manufacturing,Master,2025-01-23,389
1390,Sales Executive,Accenture,East,6,10,24654,81099,Leadership,4,Part-Time,Finance,Master,2025-01-24,390
1391,Accountant,Accenture,East,8,11,42634,89385,Leadership,2,Part-Time,Tech,Bachelor,2025-01-25,391
1392,Accountant,Infosys,West,4,16,31468,85919,Excel,9,Part-Time,Finance,Master,2025-01-26,392
1393,HR Manager,Accenture,East,6,11,43630,146952,Python,2,Contract,Retail,Diploma,2025-01-27,393
1394,Accountant,Infosys,East,6,13,20154,110782,Python,3,Contract,Tech,Diploma,2025-01-28,394
1395,HR Manager,Accenture,East,2,15,27950,121116,Leadership,2,Full-Time,Retail,Master,2025-01-29,395
1396,HR Manager,Wipro,East,6,15,35323,122590,Excel,3,Contract,Retail,Diploma,2025-01-30,396
1397,Sales Executive,TCS,South,0,14,37380,139626,Leadership,6,Part-Time,Finance,Bachelor,2025-01-31,397
1398,Accountant,Wipro,East,8,9,46870,90387,Communication,3,Part-Time,Retail,Bachelor,2025-02-01,398
1399,Accountant,Accenture,West,9,5,24626,65823,Communication,8,Full-Time,Tech,Master,2025-02-02,399
1400,HR Manager,Accenture,West,5,6,39289,96015,Excel,6,Contract,Retail,Master,2025-02-03,400
1401,HR Manager,Accenture,West,4,19,34259,65339,Excel,7,Part-Time,Retail,Master,2025-02-04,401
1402,Data Analyst,Wipro,North,6,8,34873,53491,Communication,1,Full-Time,Finance,Diploma,2025-02-05,402
1403,Data Analyst,Accenture,South,4,9,33016,50706,Python,3,Full-Time,Retail,Diploma,2025-02-06,403
1404,HR Manager,Wipro,East,9,13,29369,147493,Excel,3,Part-Time,Manufacturing,Bachelor,2025-02-07,404
1405,Data Analyst,Infosys,North,4,15,20153,65728,Communication,2,Part-Time,Finance,Diploma,2025-02-08,405
1406,Data Analyst,TCS,East,9,19,27853,56997,Communication,7,Contract,Finance,Bachelor,2025-02-09,406
1407,HR Manager,TCS,North,6,5,32379,110408,Python,9,Full-Time,Tech,Diploma,2025-02-10,407
1408,HR Manager,Wipro,North,9,7,35792,108097,Python,4,Part-Time,Tech,Bachelor,2025-02-11,408
1409,Accountant,Infosys,West,6,9,42865,88523,Python,5,Full-Time,Tech,Master,2025-02-12,409
1410,HR Manager,Wipro,West,2,7,25599,75163,Python,3,Contract,Tech,Diploma,2025-02-13,410
1411,HR Manager,Infosys,North,2,8,38100,67718,Leadership,9,Part-Time,Manufacturing,Bachelor,2025-02-14,411
1412,Sales Executive,Accenture,West,9,19,47778,137508,Python,4,Contract,Finance,Diploma,2025-02-15,412
1413,Accountant,Infosys,North,2,18,34785,133767,Leadership,5,Full-Time,Retail,Master,2025-02-16,413
1414,Accountant,Infosys,South,5,7,31049,89619,Excel,1,Contract,Tech,Bachelor,2025-02-17,414
1415,Accountant,Infosys,West,5,8,20786,62126,Communication,2,Contract,Tech,Diploma,2025-02-18,415
1416,Sales Executive,TCS,West,2,18,24368,139131,Leadership,9,Full-Time,Tech,Diploma,2025-02-19,416
1417,HR Manager,Infosys,West,2,19,44480,114926,Excel,2,Contract,Retail,Master,2025-02-20,417
1418,Accountant,Accenture,South,7,17,34923,90633,Excel,5,Full-Time,Tech,Master,2025-02-21,418
1419,Accountant,Accenture,North,7,17,24272,127654,Leadership,8,Part-Time,Retail,Bachelor,2025-02-22,419
1420,Data Analyst,Accenture,East,6,19,40151,53317,Excel,3,Full-Time,Finance,Diploma,2025-02-23,420
1421,Accountant,Infosys,West,9,19,47454,94980,Excel,6,Full-Time,Finance,Diploma,2025-02-24,421
1422,HR Manager,Wipro,North,3,5,45218,94115,Leadership,4,Part-Time,Finance,Master,2025-02-25,422
1423,HR Manager,Wipro,South,3,16,25994,111646,Excel,7,Full-Time,Manufacturing,Master,2025-02-26,423
1424,Data Analyst,Accenture,East,2,12,43600,93158,Python,3,Part-Time,Retail,Bachelor,2025-02-27,424
1425,Accountant,TCS,West,4,8,49238,105963,Python,6,Part-Time,Tech,Diploma,2025-02-28,425
1426,Accountant,Wipro,South,2,11,45241,97631,Communication,9,Full-Time,Tech,Diploma,2025-03-01,426
1427,Accountant,Infosys,South,7,6,39810,99316,Excel,1,Contract,Tech,Bachelor,2025-03-02,427
1428,Sales Executive,Wipro,East,6,6,40167,109342,Communication,3,Contract,Tech,Bachelor,2025-03-03,428
1429,Accountant,Accenture,North,2,10,41811,65504,Python,2,Part-Time,Manufacturing,Master,2025-03-04,429
1430,HR Manager,TCS,West,8,18,27011,118593,Python,8,Contract,Tech,Master,2025-03-05,430
1431,HR Manager,Wipro,West,4,6,44436,76660,Python,7,Contract,Manufacturing,Bachelor,2025-03-06,431
1432,Sales Executive,Wipro,North,8,19,40085,87196,Excel,2,Full-Time,Retail,Bachelor,2025-03-07,432
1433,Sales Executive,Accenture,North,6,19,34086,115938,Excel,6,Part-Time,Finance,Diploma,2025-03-08,433
1434,Accountant,TCS,North,6,10,29261,58605,Python,3,Part-Time,Tech,Bachelor,2025-03-09,434
1435,Data Analyst,TCS,East,5,15,38733,107388,Communication,8,Full-Time,Finance,Bachelor,2025-03-10,435
1436,Sales Executive,Accenture,East,1,19,27011,131297,Communication,3,Contract,Retail,Diploma,2025-03-11,436
1437,Sales Executive,Infosys,West,8,6,43439,105501,Leadership,9,Part-Time,Retail,Bachelor,2025-03-12,437
1438,Accountant,Wipro,East,5,8,49079,103309,Python,1,Contract,Tech,Master,2025-03-13,438
1439,Accountant,Infosys,South,7,11,21212,77043,Communication,5,Part-Time,Retail,Master,2025-03-14,439
1440,Sales Executive,Wipro,West,0,12,43349,83635,Python,3,Part-Time,Finance,Diploma,2025-03-15,440
1441,Data Analyst,Wipro,East,4,19,34141,129315,Communication,6,Part-Time,Tech,Bachelor,2025-03-16,441
1442,Sales Executive,Infosys,North,0,7,29344,130691,Leadership,2,Part-Time,Manufacturing,Master,2025-03-17,442
1443,Accountant,Accenture,South,9,18,26704,83132,Leadership,9,Contract,Tech,Master,2025-03-18,443
1444,Accountant,Accenture,North,7,19,35896,139387,Python,6,Contract,Finance,Master,2025-03-19,444
1445,Sales Executive,Wipro,West,7,17,43817,65366,Communication,7,Contract,Tech,Master,2025-03-20,445
1446,Data Analyst,Accenture,North,0,13,49813,143944,Excel,5,Contract,Tech,Bachelor,2025-03-21,446
1447,Sales Executive,Wipro,East,8,6,38895,122107,Leadership,9,Full-Time,Finance,Bachelor,2025-03-22,447
1448,Sales Executive,Accenture,East,1,12,20143,112580,Python,1,Part-Time,Tech,Bachelor,2025-03-23,448
1449,Accountant,Wipro,West,8,12,30681,107889,Python,5,Part-Time,Tech,Bachelor,2025-03-24,449
1450,Data Analyst,Accenture,North,0,17,27367,129553,Communication,6,Part-Time,Finance,Master,2025-03-25,450
1451,HR Manager,TCS,West,9,18,23228,89236,Python,7,Full-Time,Retail,Diploma,2025-03-26,451
1452,Data Analyst,Infosys,North,8,8,24582,54150,Leadership,4,Contract,Finance,Diploma,2025-03-27,452
1453,Sales Executive,TCS,South,3,5,33147,69423,Python,1,Part-Time,Tech,Master,2025-03-28,453
1454,Sales Executive,Infosys,East,8,17,31397,54137,Python,8,Contract,Manufacturing,Master,2025-03-29,454
1455,Sales Executive,Infosys,West,6,5,26031,79992,Excel,4,Contract,Manufacturing,Diploma,2025-03-30,455
1456,Data Analyst,Wipro,South,5,6,24243,144438,Excel,3,Full-Time,Finance,Diploma,2025-03-31,456
1457,Accountant,Infosys,South,4,18,33647,94921,Leadership,7,Full-Time,Manufacturing,Master,2025-04-01,457
1458,Sales Executive,TCS,West,8,19,47718,129369,Communication,2,Contract,Tech,Master,2025-04-02,458
1459,Sales Executive,TCS,West,1,16,31496,116917,Excel,8,Part-Time,Tech,Bachelor,2025-04-03,459
1460,Data Analyst,Accenture,South,1,18,29549,123690,Communication,6,Part-Time,Finance,Bachelor,2025-04-04,460
1461,HR Manager,TCS,North,8,13,35146,84235,Leadership,7,Full-Time,Tech,Diploma,2025-04-05,461
1462,HR Manager,Accenture,South,2,17,39097,128975,Excel,5,Full-Time,Retail,Master,2025-04-06,462
1463,Accountant,Infosys,West,7,6,24185,69122,Communication,9,Full-Time,Tech,Diploma,2025-04-07,463
1464,Accountant,TCS,South,8,6,45933,73956,Excel,5,Full-Time,Finance,Bachelor,2025-04-08,464
1465,Sales Executive,Infosys,North,7,10,32486,113879,Leadership,5,Full-Time,Retail,Bachelor,2025-04-09,465
1466,Data Analyst,TCS,East,3,11,27328,108560,Leadership,3,Full-Time,Retail,Diploma,2025-04-10,466
1467,Sales Executive,TCS,East,0,17,41017,132800,Excel,1,Full-Time,Manufacturing,Bachelor,2025-04-11,467
1468,Accountant,Accenture,South,3,11,39576,118685,Communication,2,Part-Time,Tech,Master,2025-04-12,468
1469,Data Analyst,Infosys,North,8,19,36684,74660,Python,8,Full-Time,Finance,Diploma,2025-04-13,469
1470,Data Analyst,TCS,East,1,17,37107,136064,Python,1,Full-Time,Manufacturing,Master,2025-04-14,470
1471,Accountant,Wipro,South,2,13,42078,51168,Excel,7,Part-Time,Manufacturing,Master,2025-04-15,471
1472,HR Manager,Infosys,South,9,10,23010,95124,Communication,5,Part-Time,Tech,Bachelor,2025-04-16,472
1473,HR Manager,Infosys,North,7,18,25555,85897,Python,3,Contract,Tech,Master,2025-04-17,473
1474,Data Analyst,Infosys,West,5,12,20067,65032,Leadership,7,Full-Time,Finance,Diploma,2025-04-18,474
1475,Sales Executive,Accenture,South,7,15,48412,102797,Communication,9,Full-Time,Manufacturing,Master,2025-04-19,475
1476,HR Manager,Wipro,West,6,10,32185,85294,Python,2,Full-Time,Finance,Master,2025-04-20,476
1477,Sales Executive,Infosys,West,4,6,38890,93827,Communication,8,Full-Time,Manufacturing,Master,2025-04-21,477
1478,HR Manager,TCS,East,8,5,21537,53516,Excel,9,Contract,Manufacturing,Master,2025-04-22,478
1479,HR Manager,TCS,West,3,9,36781,69751,Communication,3,Part-Time,Manufacturing,Master,2025-04-23,479
1480,Sales Executive,Accenture,North,5,18,49291,80373,Python,2,Part-Time,Tech,Bachelor,2025-04-24,480
1481,Accountant,TCS,East,1,13,31549,80270,Excel,7,Full-Time,Manufacturing,Diploma,2025-04-25,481
1482,HR Manager,Infosys,East,1,12,25680,60386,Communication,5,Full-Time,Manufacturing,Bachelor,2025-04-26,482
1483,HR Manager,TCS,East,1,18,45739,114817,Leadership,5,Full-Time,Manufacturing,Diploma,2025-04-27,483
1484,Sales Executive,Infosys,South,9,17,41209,115184,Python,5,Contract,Retail,Diploma,2025-04-28,484
1485,Accountant,TCS,South,6,8,28747,129693,Excel,4,Contract,Tech,Diploma,2025-04-29,485
1486,HR Manager,Wipro,West,1,9,42432,87879,Communication,5,Part-Time,Retail,Diploma,2025-04-30,486
1487,HR Manager,Accenture,East,1,17,35116,99597,Leadership,4,Full-Time,Tech,Diploma,2025-05-01,487
1488,Accountant,Accenture,East,8,9,40045,89132,Python,6,Full-Time,Finance,Master,2025-05-02,488
1489,HR Manager,Wipro,North,6,10,46327,53626,Leadership,4,Full-Time,Retail,Bachelor,2025-05-03,489
1490,Accountant,Wipro,West,2,7,22941,135936,Communication,2,Full-Time,Finance,Bachelor,2025-05-04,490
1491,Accountant,Accenture,North,2,9,30849,131515,Communication,9,Contract,Manufacturing,Master,2025-05-05,491
1492,Sales Executive,Wipro,West,6,6,47371,127065,Excel,2,Part-Time,Finance,Diploma,2025-05-06,492
1493,Data Analyst,Infosys,West,4,14,46905,105390,Leadership,9,Part-Time,Finance,Bachelor,2025-05-07,493
1494,Accountant,TCS,South,9,5,27067,66645,Excel,6,Contract,Finance,Master,2025-05-08,494
1495,Sales Executive,Accenture,South,5,15,41475,141960,Python,9,Full-Time,Finance,Master,2025-05-09,495
1496,Data Analyst,Wipro,North,7,5,30151,104144,Excel,9,Part-Time,Tech,Bachelor,2025-05-10,496
1497,HR Manager,Infosys,West,8,14,37985,63382,Python,3,Part-Time,Retail,Bachelor,2025-05-11,497
1498,Data Analyst,Accenture,East,0,11,47369,54025,Communication,1,Contract,Tech,Diploma,2025-05-12,498
1499,Accountant,Wipro,South,2,6,37864,93226,Communication,1,Full-Time,Tech,Diploma,2025-05-13,499
1500,Accountant,Accenture,East,6,8,42614,129380,Leadership,3,Part-Time,Tech,Bachelor,2025-05-14,500
